,accuracy,loss
0,0.5985913276672363,1.8209777124244013
1,0.6040138602256775,1.8026179563934535
2,0.6022735834121704,1.8055681212386496
3,0.603983998298645,1.8004858466701794
4,0.6039988994598389,1.8064445388606838
5,0.6016163229942322,1.8124862315754726
6,0.6025648713111877,1.8096742763045321
7,0.6047084927558899,1.8086665257015324
8,0.6033565998077393,1.8051703275999624
9,0.6031250357627869,1.8004174279583962
10,0.6013922095298767,1.8092616703306459
11,0.6037599444389343,1.804324103450956
12,0.6019001007080078,1.8048632933323012
13,0.60198974609375,1.8115354131178172
14,0.6027740240097046,1.804618045431914
15,0.6020644307136536,1.8093908509716212
16,0.6018776893615723,1.807498235145351
17,0.6038346290588379,1.8063136885791322
18,0.6035656929016113,1.8108368720176757
19,0.6035134196281433,1.803273378804589
20,0.6040288209915161,1.798934719780246
21,0.6042528748512268,1.7993807044887633
22,0.6037076115608215,1.807421188630296
23,0.6041707396507263,1.7968906689439528
24,0.6052014231681824,1.8025984594036721
25,0.6029458045959473,1.798926757957354
26,0.6023184061050415,1.8044758041269378
27,0.6051491498947144,1.7920435114237228
28,0.6025648713111877,1.8060913905762914
29,0.6030802130699158,1.8012803003757116
30,0.6070164442062378,1.7878721112917755
31,0.6049325466156006,1.7970816818316542
32,0.6036627888679504,1.8069885728510338
33,0.6046935319900513,1.7943647507441072
34,0.6049699187278748,1.793606634780589
35,0.6040064096450806,1.793537350440512
36,0.6046412587165833,1.800775220840998
37,0.6037524342536926,1.7973551846201583
38,0.6055898070335388,1.788749303215924
39,0.6052387952804565,1.790564589240579
40,0.605627179145813,1.7876180226521858
41,0.6033939123153687,1.8015545480179334
42,0.6054105758666992,1.7914506128683634
43,0.6049699187278748,1.7921562603775316
44,0.606501042842865,1.7902010762281746
45,0.6051790118217468,1.7978021715731691
46,0.6045591235160828,1.7909643531634518
47,0.6068819761276245,1.7891146273465743
48,0.6043125987052917,1.7908368520070834
49,0.6062097549438477,1.7860444504888136
50,0.605216383934021,1.7883042406266896
51,0.6058810949325562,1.7899214344435088
52,0.6060006022453308,1.7919111472894365
53,0.6053657531738281,1.7920443983570062
54,0.607733428478241,1.7861875043839843
55,0.6061350703239441,1.7934350297343569
56,0.6070985794067383,1.7840455702040212
57,0.6052836179733276,1.7847798970770534
58,0.605933427810669,1.7891959995064746
59,0.6066429615020752,1.7849710663616156
60,0.6038122177124023,1.7956432820135741
61,0.6049773693084717,1.787790003806994
62,0.6080546379089355,1.7947267767113095
63,0.6052238345146179,1.7889773542641
64,0.606911838054657,1.776460759882956
65,0.6062321662902832,1.7910728218781855
66,0.6065608263015747,1.7848643584213153
67,0.6068745255470276,1.7785056302508384
68,0.6077782511711121,1.7789999441501265
69,0.6058437824249268,1.7864009658181579
70,0.6059558391571045,1.782356915866346
71,0.6094886660575867,1.774003159132084
72,0.6072330474853516,1.783638497189796
73,0.6069716215133667,1.7824831877547127
74,0.6079052090644836,1.779217326594605
75,0.6092870235443115,1.7801460125956934
76,0.6080919504165649,1.777423332533624
77,0.6054852604866028,1.7909900683557343
78,0.607733428478241,1.7831929433463858
79,0.6071807146072388,1.7856531369878983
80,0.6073898673057556,1.783583551366145
81,0.6060305237770081,1.7873144385570454
82,0.6087641716003418,1.7781184115996147
83,0.6075467467308044,1.7795181505556463
84,0.6093915700912476,1.7794413052520106
85,0.6091675162315369,1.7734897992769882
86,0.6077409386634827,1.7821054578374147
87,0.6096978187561035,1.7753466139107832
88,0.6075840592384338,1.7794735672946058
89,0.6071358919143677,1.7747731023744888
90,0.6085177063941956,1.7739353770003645
91,0.6084056496620178,1.7792296253879638
92,0.6067550182342529,1.7812304111640582
93,0.6101160645484924,1.7708354746278745
94,0.6066280007362366,1.7739733474660586
95,0.6104745864868164,1.7680545698429475
96,0.6094065308570862,1.7774593627796715
97,0.6080322265625,1.7742029945151212
98,0.6087716221809387,1.775560399672649
99,0.6103177070617676,1.7694415556701215
100,0.6094513535499573,1.7802154053518848
101,0.6096455454826355,1.770491495702004
102,0.612543523311615,1.754875388521258
103,0.6105343103408813,1.7683848717701922
104,0.6109750270843506,1.7686329215242793
105,0.6097351312637329,1.7678813897232981
106,0.6105716824531555,1.7598865515191064
107,0.6086894869804382,1.765060998702066
108,0.6114829182624817,1.7663049173068757
109,0.6101683378219604,1.7626708728825529
110,0.6089135408401489,1.7700992954173889
111,0.6101011037826538,1.7694743094583816
112,0.6102654337882996,1.7682993939015375
113,0.609062910079956,1.7651232099030194
114,0.6107509136199951,1.7599820989960757
115,0.6101608872413635,1.7668610211581037
116,0.6119161248207092,1.7599064932282928
117,0.6099592447280884,1.7620863716398214
118,0.6095783114433289,1.766252314588707
119,0.6113036274909973,1.7652624231962364
120,0.6098098158836365,1.7600915714903165
121,0.6113260388374329,1.7644394422498817
122,0.6123343706130981,1.7562256393175049
123,0.6106762290000916,1.7661555615954878
124,0.611774206161499,1.7605075904740828
125,0.6116546988487244,1.7581176331766124
126,0.6118638515472412,1.7615915740260877
127,0.6116397380828857,1.7582057848232828
128,0.6120281219482422,1.7600258887940448
129,0.6107882857322693,1.7566859891327278
130,0.6111841201782227,1.7594005182892294
131,0.6140671968460083,1.7505842588530616
132,0.6122820973396301,1.7522323625205232
133,0.6110198497772217,1.756567586391259
134,0.6123418211936951,1.7587083620117825
135,0.6112214922904968,1.7551289480281664
136,0.6107210516929626,1.7617926651463147
137,0.6127377152442932,1.756318116553817
138,0.612080454826355,1.7526601254276701
139,0.6120057106018066,1.7607672500212885
140,0.6102878451347351,1.764278519139883
141,0.6130215525627136,1.7535823209803971
142,0.6123045086860657,1.7614726609104434
143,0.6126182079315186,1.7482323699736655
144,0.6128049492835999,1.7559888773313648
145,0.6116173267364502,1.7615868262596575
146,0.6111243963241577,1.7590959476273895
147,0.6132007837295532,1.7480122720173243
148,0.6127227544784546,1.750852173932497
149,0.6124464273452759,1.757216860163428
150,0.6132306456565857,1.7544967088473113
151,0.6109750270843506,1.7570271140874512
152,0.6115501523017883,1.7513206811405897
153,0.6131260991096497,1.7462622362033442
154,0.6134622097015381,1.749804689842053
155,0.6127974390983582,1.744684978048779
156,0.6128945350646973,1.7520263732506252
157,0.613417387008667,1.74854939010593
158,0.6138730049133301,1.742604424988969
159,0.612543523311615,1.749440351079652
160,0.6150307059288025,1.740021241747079
161,0.6126630306243896,1.7518809314318522
162,0.6124389171600342,1.7447587160577431
163,0.6149858832359314,1.7431020880828896
164,0.6145601272583008,1.745032578372404
165,0.6149485111236572,1.7387394808929395
166,0.6141418814659119,1.7447845745672184
167,0.6149336099624634,1.7486029021575382
168,0.6128646731376648,1.751316177900739
169,0.6139850616455078,1.7456769668448522
170,0.6148589253425598,1.7432476649490147
171,0.6159195303916931,1.7396224814131724
172,0.6133501529693604,1.7476154610419148
173,0.6131783723831177,1.7443527584925849
174,0.6157925128936768,1.7338801037215827
175,0.6154863238334656,1.7414349741014936
176,0.615882158279419,1.7460239439067033
177,0.614186704158783,1.7407094986913894
178,0.6149784326553345,1.740470162895432
179,0.6148215532302856,1.7346548313623924
180,0.6143136620521545,1.7401139270079913
181,0.6139103174209595,1.7415581042980655
182,0.6142539381980896,1.7397485502256662
183,0.6165245175361633,1.737361609382835
184,0.6144107580184937,1.7401713925117555
185,0.6150232553482056,1.742583737594451
186,0.6161659955978394,1.7393679310782106
187,0.6175029277801514,1.7304351102115736
188,0.6181154251098633,1.7269536884827927
189,0.6160464882850647,1.733406506280566
190,0.6168307662010193,1.7421439474275022
191,0.6163601875305176,1.7362126455902065
192,0.6149336099624634,1.738597954581929
193,0.6175253391265869,1.7314309995623836
194,0.6168456673622131,1.7345073608185146
195,0.6172041893005371,1.7323320994230331
196,0.6163228154182434,1.7305078330976016
197,0.6164124608039856,1.7350190301162496
198,0.6163601875305176,1.7313641363089671
199,0.6177195310592651,1.7310283368983241
200,0.6168755292892456,1.7310974109682653
201,0.6161062121391296,1.731464516553293
202,0.6168382167816162,1.7312107239219992
203,0.6152995824813843,1.7381623904762709
204,0.613768458366394,1.7399490910275328
205,0.6165394186973572,1.7299173976904092
206,0.6175851225852966,1.7231017008675116
207,0.6167336106300354,1.7322207984410318
208,0.6174730658531189,1.7233267514486945
209,0.6160763502120972,1.7325086579061328
210,0.6183693408966064,1.7221712573525576
211,0.6154489517211914,1.7314075481766444
212,0.6150829792022705,1.7333765825763636
213,0.6164423227310181,1.7319836746582684
214,0.6184589862823486,1.7256807877015463
215,0.6179884672164917,1.7270802841610629
216,0.619213342666626,1.7228494606851035
217,0.6173311471939087,1.7270282141922952
218,0.6170174479484558,1.7352128136356189
219,0.6172415614128113,1.7271463108588423
220,0.6170772314071655,1.7216315881338697
221,0.6183618903160095,1.7237304037049612
222,0.6165469288825989,1.7279757123534607
223,0.6170622706413269,1.7295139560248147
224,0.6155012249946594,1.7259909372701676
225,0.6158597469329834,1.7359891372060847
226,0.6185038089752197,1.7172465965546002
227,0.617876410484314,1.722928570484436
228,0.6190117001533508,1.7168832072389957
229,0.6187204122543335,1.7286620590322561
230,0.6180930137634277,1.7119994690831273
231,0.6176000237464905,1.720938097224526
232,0.6167635321617126,1.723996597188422
233,0.6194224953651428,1.7185811733904988
234,0.6187129616737366,1.7258323774327369
235,0.6175253391265869,1.728485642350924
236,0.6194822192192078,1.7222171147958807
237,0.6189967393875122,1.7155479887656806
238,0.6172863245010376,1.715245677127268
239,0.6180855631828308,1.7179403157375441
240,0.6198482513427734,1.7174622076718726
241,0.6190639734268188,1.7189230615104754
242,0.621103048324585,1.7116325988466516
243,0.6202664971351624,1.7151925188090105
244,0.6193253993988037,1.7180532422792356
245,0.619153618812561,1.720260192957838
246,0.6184963583946228,1.7174809150859773
247,0.6187353134155273,1.7144507048685382
248,0.6197212338447571,1.7123724003523941
249,0.6193478107452393,1.7131776616497936
250,0.6212673187255859,1.7073222802242105
251,0.620849072933197,1.7081478590776011
252,0.6206026077270508,1.7113683663482577
253,0.6201395392417908,1.7128633308148518
254,0.6201245784759521,1.7150807531542096
255,0.62003493309021,1.7112898684156281
256,0.6200872659683228,1.7121759485450863
257,0.6201245784759521,1.7154608215594842
258,0.619616687297821,1.7161274027707227
259,0.6168680787086487,1.7174789223357474
260,0.6189594268798828,1.710454325194946
261,0.6209163069725037,1.7125412625289769
262,0.6201021671295166,1.7103897649977622
263,0.6206847429275513,1.7133764413834016
264,0.6204233169555664,1.7069165760876412
265,0.6207221150398254,1.703799226572047
266,0.619616687297821,1.7143957136070636
267,0.6201544404029846,1.712571499660851
268,0.6206399202346802,1.7134333179156702
269,0.6193029880523682,1.7078597982336896
270,0.6211329102516174,1.7103605131842763
271,0.6207519769668579,1.707717122001697
272,0.6203038692474365,1.7193993478677325
273,0.6205279231071472,1.7034383025824762
274,0.6221113204956055,1.7042691838069421
275,0.6198183298110962,1.707449425294847
276,0.6228134632110596,1.7043738846957444
277,0.6236051321029663,1.7020816363879183
278,0.6183693408966064,1.7190284352320144
279,0.6217154860496521,1.7047418665651222
280,0.6225221753120422,1.6989565580705333
281,0.6210806369781494,1.7022662524381502
282,0.6198034286499023,1.7154585432540084
283,0.6212300062179565,1.7019895834172236
284,0.6218574047088623,1.697914149281357
285,0.620796799659729,1.704011782720444
286,0.622133731842041,1.703288322280869
287,0.6225744485855103,1.6970431986027195
288,0.6232242584228516,1.7023950369601706
289,0.6235229969024658,1.6970341141845784
290,0.6229478716850281,1.6984712228746817
291,0.6229628324508667,1.7046890537922894
292,0.6213793754577637,1.6954373710496644
293,0.6213719248771667,1.702264522226868
294,0.6211926341056824,1.6996016027683685
295,0.623149573802948,1.6999324497019723
296,0.6213271021842957,1.7006319835213322
297,0.6232765316963196,1.693492185732391
298,0.6226640343666077,1.6936411949135948
299,0.6232317090034485,1.690341213546798
300,0.6221113204956055,1.7015652549353537
301,0.6229478716850281,1.6943337807419492
302,0.6244118213653564,1.6953846931941885
303,0.6234856247901917,1.6979392397391786
304,0.621312141418457,1.6950206444887899
305,0.6236200928688049,1.6947016892690236
306,0.6238815188407898,1.694297606493117
307,0.6229777336120605,1.6941276367633487
308,0.6230823397636414,1.6919420476867466
309,0.6225520372390747,1.6976547557259885
310,0.6211627721786499,1.704967437279035
311,0.6230449676513672,1.6943028264738573
312,0.6235827207565308,1.691038159365479
313,0.6236350536346436,1.6945449445779135
314,0.6247479319572449,1.6918488617781597
315,0.625659167766571,1.6878333568035209
316,0.624845027923584,1.689595845766972
317,0.622133731842041,1.695228425242295
318,0.6237769722938538,1.6923443508638258
319,0.6231346130371094,1.7031450311406389
320,0.6222681999206543,1.6987609990106842
321,0.6235528588294983,1.6948235125992788
322,0.6242549419403076,1.6897109125501828
323,0.6242325305938721,1.6882057240497128
324,0.6240010261535645,1.687252233630415
325,0.6215511560440063,1.6952451019350647
326,0.6255919337272644,1.6849960547381915
327,0.6254574656486511,1.689511672016924
328,0.6252782344818115,1.6821312017308878
329,0.6245014667510986,1.6870313457992299
330,0.6243894100189209,1.6876755380374777
331,0.6242848634719849,1.676811357451114
332,0.6244715452194214,1.6818130588003677
333,0.6253305077552795,1.6841733097903657
334,0.623664915561676,1.6897445478760296
335,0.6235528588294983,1.6877478580928733
336,0.6263238787651062,1.6850176074119745
337,0.6248599290847778,1.6877716765231299
338,0.6245985627174377,1.6859541986399011
339,0.6242026686668396,1.6875153122474207
340,0.626943826675415,1.6800511426694018
341,0.6246881484985352,1.6813818969174954
342,0.6250466704368591,1.684262958495441
343,0.6240383386611938,1.682905912812428
344,0.624381959438324,1.6855507438109427
345,0.6246134638786316,1.6822856471943952
346,0.6264956593513489,1.6801558712543347
347,0.624845027923584,1.6828853726527704
348,0.627765417098999,1.6808541620083792
349,0.6263985633850098,1.6840797160098204
350,0.627713143825531,1.6743351642732498
351,0.6241205334663391,1.6843058534179454
352,0.6275562644004822,1.6758266240280444
353,0.6249346733093262,1.6749912164441454
354,0.6237694621086121,1.6863950822528697
355,0.6253454685211182,1.6863095347975305
356,0.6255620718002319,1.6830813513162122
357,0.626129686832428,1.675371756322935
358,0.6256068348884583,1.6788117756947634
359,0.6248300671577454,1.6779560689732544
360,0.6275861263275146,1.6742110479480452
361,0.6267122626304626,1.676707593778862
362,0.624845027923584,1.6790298776990715
363,0.6267720460891724,1.6727144555177378
364,0.6253529191017151,1.6765093811454788
365,0.6253454685211182,1.6799829084174465
366,0.6264732480049133,1.675244997438185
367,0.6258085370063782,1.680323382829182
368,0.6266375780105591,1.673971404429965
369,0.6267197728157043,1.6735487315117785
370,0.6275786757469177,1.67110111488749
371,0.6279820203781128,1.6726057175862135
372,0.626839280128479,1.6778334026801947
373,0.6287214756011963,1.6651198763494974
374,0.62700355052948,1.6749882608878717
375,0.6267944574356079,1.6757354169619667
376,0.6264433860778809,1.6719719337472896
377,0.6263164281845093,1.6758373733499452
378,0.6270782351493835,1.6760023791524
379,0.6268168687820435,1.672582734303014
380,0.6271230578422546,1.6705689199308107
381,0.6282658576965332,1.6681418787661473
382,0.6280342936515808,1.6656036884825336
383,0.6265479326248169,1.6703492800940793
384,0.6276832818984985,1.6727846659517493
385,0.6290724873542786,1.6653848254783739
386,0.6282135844230652,1.663886679229778
387,0.627414345741272,1.6697006385925397
388,0.6284525394439697,1.6648340656626184
389,0.6278401017189026,1.6655859373479944
390,0.6291621327400208,1.6661715575817204
391,0.6279371976852417,1.6709348422715298
392,0.6290351748466492,1.6684754616262245
393,0.6280492544174194,1.6707566035416586
394,0.6280417442321777,1.665895264972099
395,0.6288484334945679,1.663812963635216
396,0.6282135844230652,1.6644483799057757
397,0.6281538009643555,1.6668302470518022
398,0.6254724264144897,1.6691219484389541
399,0.6292069554328918,1.6608243603286315
400,0.6298642158508301,1.6614504511892754
401,0.6294758319854736,1.6679787491116627
402,0.6299613118171692,1.6680890058588942
403,0.6296177506446838,1.6573669655212657
404,0.6303048729896545,1.657359173550643
405,0.6296849846839905,1.6628344007099187
406,0.6294907331466675,1.6677014403747574
407,0.6290426254272461,1.6642802462106203
408,0.6299986839294434,1.654184752743047
409,0.6299538612365723,1.6545308702899473
410,0.6280791163444519,1.6668228958099054
411,0.6276234984397888,1.663691062939925
412,0.6280044317245483,1.661351547852296
413,0.6300135850906372,1.6549383212682987
414,0.6303272843360901,1.6578822362277454
415,0.6305961608886719,1.6522082270483682
416,0.6281388401985168,1.6635852396481956
417,0.6299762725830078,1.6597278276460747
418,0.6296476125717163,1.6588519681581484
419,0.6299837231636047,1.6563544613091687
420,0.6287363767623901,1.6569405340584589
421,0.6293413639068604,1.6615715982036308
422,0.629460871219635,1.659109787984572
423,0.6294832825660706,1.6605058719203554
424,0.6307231783866882,1.6505526618602222
425,0.6310816407203674,1.6542286669412156
426,0.6304094791412354,1.6572507106465229
427,0.6303496956825256,1.6524199080236082
428,0.6300658583641052,1.6591501230423757
429,0.6296550631523132,1.6549564811331217
430,0.6303945183753967,1.6555727630118644
431,0.6296998858451843,1.6523991190635519
432,0.6302003264427185,1.6534531616825199
433,0.630170464515686,1.6567097649572784
434,0.6307829022407532,1.6550935292791362
435,0.630230188369751,1.649968796333887
436,0.6299837231636047,1.6564389205699437
437,0.6281687617301941,1.6563584720785858
438,0.6303496956825256,1.6537208965189625
439,0.6310368776321411,1.6503564691158223
440,0.630170464515686,1.6539619400174197
441,0.631350576877594,1.6536563116849905
442,0.6308501362800598,1.652326147238226
443,0.629460871219635,1.6585924936299286
444,0.6313654780387878,1.6520421475805547
445,0.6321945786476135,1.6458800498755037
446,0.6328219771385193,1.6452295192727595
447,0.630745530128479,1.6526228696200909
448,0.6317538619041443,1.6519746624436713
449,0.6310891509056091,1.651209548339438
450,0.6323215365409851,1.645317881873377
451,0.6312161087989807,1.6464860507396726
452,0.630633533000946,1.650231337192219
453,0.6310891509056091,1.646280469872399
454,0.632224440574646,1.6428149803993677
455,0.6308874487876892,1.6508264579894467
456,0.6311264634132385,1.6538453921474234
457,0.6334344148635864,1.6419376597762698
458,0.6310592889785767,1.6528595278699485
459,0.6323065757751465,1.6490923563704618
460,0.632635235786438,1.6464904556496225
461,0.6327621936798096,1.6406828849648967
462,0.6327323317527771,1.6427303387586902
463,0.6326501369476318,1.6409229954992541
464,0.6332924962043762,1.649690951010047
465,0.6335389614105225,1.6449729865640452
466,0.6304243803024292,1.6518262128657009
467,0.6320451498031616,1.6457709881611993
468,0.6324634552001953,1.6414799491923553
469,0.6338750720024109,1.6414893545868017
470,0.6335912346839905,1.636613275658505
471,0.6330161690711975,1.6361452650628892
472,0.632530689239502,1.6375720566388905
473,0.6327771544456482,1.644853852860553
474,0.633860170841217,1.6383965856783964
475,0.6324634552001953,1.6395583637813889
476,0.6331954002380371,1.6390985082992724
477,0.632739782333374,1.6475703059552296
478,0.6345024704933167,1.6394488818687183
479,0.6336435675621033,1.6357038233852625
480,0.6331804394721985,1.6386086340934822
481,0.6324783563613892,1.6395716370483187
482,0.6328592896461487,1.637040872604339
483,0.6340095400810242,1.6400297782266648
484,0.6336584687232971,1.6374492997070242
485,0.6341215372085571,1.6358930994604113
486,0.635152280330658,1.6357508952468454
487,0.6331207156181335,1.6327576603985698
488,0.6319779753684998,1.6446637142698757
489,0.6323513984680176,1.6427154220799702
490,0.6351373791694641,1.6279491377804962
491,0.6349580883979797,1.6289441728624685
492,0.6345547437667847,1.6339103152664558
493,0.6341887712478638,1.6418589893932447
494,0.6362352967262268,1.6264541665933212
495,0.6359888315200806,1.6367686619000787
496,0.6321273446083069,1.6365779861490626
497,0.6353016495704651,1.6393442830458473
498,0.6344800591468811,1.6413067328930435
499,0.633150577545166,1.6371201583959947
500,0.6335315108299255,1.6303717904110613
501,0.6342111825942993,1.6387426346625482
502,0.635197103023529,1.6342389493107328
503,0.6343755125999451,1.628684627410215
504,0.6365788578987122,1.6293262627077667
505,0.6337182521820068,1.6403782091225796
506,0.6353315711021423,1.629354699997155
507,0.6355929374694824,1.628904163936265
508,0.6348684430122375,1.6305604997652867
509,0.6338078379631042,1.6259408825272903
510,0.634734034538269,1.6284966763081312
511,0.6339348554611206,1.6296871467905483
512,0.6352120637893677,1.630554548142273
513,0.6340319514274597,1.633338520327548
514,0.6337481141090393,1.6312764983440524
515,0.6348087191581726,1.6298950386455513
516,0.6356452703475952,1.6283464591300814
517,0.6369448900222778,1.619892375050694
518,0.6340169906616211,1.6326364498449846
519,0.6348684430122375,1.633486402153536
520,0.6332924962043762,1.6270955781706713
521,0.6354361176490784,1.6339925733374845
522,0.6351672410964966,1.6292105873397904
523,0.636070966720581,1.6232117640577344
524,0.6351298689842224,1.6304254919228662
525,0.6339049935340881,1.6280230106658597
526,0.6346219778060913,1.6272133341924397
527,0.6361904740333557,1.6261355091305556
528,0.6344800591468811,1.6288717782948117
529,0.6341066360473633,1.633343288602969
530,0.6355406641960144,1.6199891580942063
531,0.636070966720581,1.625324315315896
532,0.6381324529647827,1.618260080707908
533,0.6354435682296753,1.622189677280006
534,0.6351373791694641,1.6282106783033075
535,0.6362352967262268,1.6203759773160455
536,0.635152280330658,1.6310875674029734
537,0.6353390216827393,1.6212702034041258
538,0.6345248818397522,1.6352393601701907
539,0.6349282264709473,1.6226569633492576
540,0.6365938186645508,1.626942882414186
541,0.6365041732788086,1.6161009520352383
542,0.6362278461456299,1.6202611157171254
543,0.6375349164009094,1.6166050058995856
544,0.6374378204345703,1.6196637256802613
545,0.6372361779212952,1.6175513818643914
546,0.6356004476547241,1.6221090530634386
547,0.636840283870697,1.6209677616403764
548,0.636436939239502,1.620980503315398
549,0.6365788578987122,1.622899324510768
550,0.6354659795761108,1.617518305730423
551,0.6356004476547241,1.6219932236456402
552,0.6358319520950317,1.621026364852684
553,0.6375797390937805,1.6238460433089041
554,0.6370120644569397,1.6140220155013327
555,0.6375349164009094,1.6175250372506929
556,0.6358991861343384,1.6250977418143584
557,0.637661874294281,1.6155836790603766
558,0.6374527812004089,1.6195885471199083
559,0.6384610533714294,1.6175997128198933
560,0.6373556852340698,1.6129814497113144
561,0.6376170516014099,1.618425654997798
562,0.6382369995117188,1.6098283052715132
563,0.6391183733940125,1.6139645158764624
564,0.6383415460586548,1.6191491893406147
565,0.6391556859016418,1.6147641216464015
566,0.6364070773124695,1.6220865055655809
567,0.6379008889198303,1.616219180077214
568,0.6369822025299072,1.6176001628192462
569,0.6378934383392334,1.6167538743563803
570,0.6373481750488281,1.6124524091806314
571,0.6395888924598694,1.6037996667049315
572,0.6381324529647827,1.6136449529640904
573,0.6391183733940125,1.6048782914251447
574,0.6375125050544739,1.6143752232470188
575,0.6376768350601196,1.6120420712390275
576,0.636735737323761,1.6173449832320403
577,0.6382967829704285,1.6147476367038833
578,0.637505054473877,1.6143047423372205
579,0.6390287280082703,1.6034028991426235
580,0.6364070773124695,1.6203396722331351
581,0.6375946998596191,1.6085624989949259
582,0.640171468257904,1.6066210335709183
583,0.6379531621932983,1.6108352697962451
584,0.6395739912986755,1.6076640107905458
585,0.6386179327964783,1.60976705907584
586,0.6365041732788086,1.6126990687075535
587,0.64206862449646,1.5976136813907331
588,0.6385208368301392,1.6066593778782834
589,0.6401490569114685,1.608033480613312
590,0.634793758392334,1.61691427571494
591,0.6401864290237427,1.6002246552486108
592,0.6384685635566711,1.609031333354993
593,0.6390661001205444,1.6078352163842438
594,0.6383490562438965,1.6124411291002172
595,0.6398204565048218,1.6025081724211148
596,0.6370046138763428,1.615650875395692
597,0.6390063166618347,1.6083432951679117
598,0.6386851668357849,1.6083791241704863
599,0.6390735507011414,1.6119947935396157
600,0.640783965587616,1.5996169978627106
601,0.6387598514556885,1.6060962143006021
602,0.6393200159072876,1.611308228164137
603,0.6383938789367676,1.6091550166835231
604,0.6393573880195618,1.6056650523019806
605,0.6390137672424316,1.6121681074031022
606,0.6420760750770569,1.6009843938584989
607,0.6393125653266907,1.6055775716111282
608,0.6393573880195618,1.6038809030446306
609,0.6396113038063049,1.6042501926885115
610,0.638072669506073,1.6089846614000376
611,0.6382967829704285,1.6012925778352323
612,0.6405001282691956,1.6009861793801279
613,0.6404328942298889,1.5995995530381533
614,0.6415457725524902,1.594514173173022
615,0.6404478549957275,1.5999151273444234
616,0.6398876905441284,1.597898970826566
617,0.6387224793434143,1.6066715768227549
618,0.6403507590293884,1.5974527607381805
619,0.6399548649787903,1.593762731284298
620,0.6413815021514893,1.5949574799133996
621,0.6393200159072876,1.603215916675005
622,0.6403133869171143,1.599701661661361
623,0.6402088403701782,1.6039916228495141
624,0.6402312517166138,1.5958441179525902
625,0.6402536630630493,1.6003860005300554
626,0.639715850353241,1.6025328037015563
627,0.640425443649292,1.5981902009052582
628,0.6410602927207947,1.594870729381449
629,0.6405897736549377,1.5958717928424513
630,0.6429873108863831,1.597642939264139
631,0.6399474143981934,1.6025685211111436
632,0.6408959627151489,1.5978508445887962
633,0.6417847871780396,1.5885328464055886
634,0.6401416063308716,1.5974942023590681
635,0.6404179930686951,1.6045917911076373
636,0.6414860486984253,1.5912317700523024
637,0.6401490569114685,1.5982889754898655
638,0.639252781867981,1.5994425737107942
639,0.6403059363365173,1.595585831702882
640,0.6419715285301208,1.5936794594793244
641,0.641814649105072,1.592615071147279
642,0.6400743722915649,1.5953335645402078
643,0.6411200761795044,1.594484370380514
644,0.642120897769928,1.5914315824867098
645,0.6416354179382324,1.589893767263974
646,0.6425392031669617,1.588364159492999
647,0.6410378813743591,1.5938999409486339
648,0.6433682441711426,1.5851835848359381
649,0.6429126262664795,1.5849641602821767
650,0.6415159106254578,1.589232684864579
651,0.6430769562721252,1.5870051545593773
652,0.6413142681121826,1.5896082548131194
653,0.644219696521759,1.5840802213024245
654,0.643764078617096,1.5862183056062458
655,0.6428080797195435,1.5903696422198101
656,0.6426736116409302,1.5905671051023909
657,0.6431889533996582,1.5836561348611957
658,0.6419042944908142,1.592051273765736
659,0.6430993676185608,1.5807521838032648
660,0.643756628036499,1.584292075226672
661,0.6408959627151489,1.5923224483163072
662,0.6407241821289062,1.5954718351392627
663,0.6434429287910461,1.5833686306484323
664,0.6430395841598511,1.5883172046842073
665,0.6430321335792542,1.5893034345192667
666,0.644682765007019,1.5771101759533674
667,0.6434578895568848,1.586990693336253
668,0.642173171043396,1.5880142354367588
669,0.6436445713043213,1.5886047567744335
670,0.6427856683731079,1.5840168819199838
671,0.642935037612915,1.587157819389437
672,0.6435474753379822,1.5846041764919259
673,0.6434803009033203,1.5846369644244418
674,0.6430097222328186,1.5843377779096508
675,0.6421955823898315,1.5844629129531422
676,0.6446006298065186,1.5850558954552192
677,0.6462289094924927,1.5768764938097322
678,0.6428453922271729,1.588278801293069
679,0.6426138877868652,1.5895078320442904
680,0.644010603427887,1.579578733601989
681,0.6447499990463257,1.5836391654491901
682,0.6444960832595825,1.578107598841412
683,0.6436296701431274,1.5858772993354882
684,0.6441226005554199,1.5792493488221504
685,0.6439209580421448,1.5784635440966654
686,0.6439358592033386,1.5802282594992318
687,0.6448546051979065,1.5775244463074705
688,0.6440479159355164,1.5756303884268517
689,0.6444288492202759,1.5763402572551517
690,0.6446380019187927,1.5796597756912523
691,0.6427184343338013,1.5856348288496767
692,0.6438835859298706,1.5837040104002789
693,0.6449666023254395,1.5690964147262227
694,0.6452280282974243,1.5750056906764198
695,0.6438686847686768,1.5708898955940882
696,0.6439657807350159,1.5755058380009024
697,0.6450562477111816,1.5749908934509533
698,0.6432113647460938,1.5798533388453682
699,0.646930992603302,1.5735600454095013
700,0.6466023325920105,1.5723196674415048
701,0.6452429890632629,1.5746604964436912
702,0.6449815630912781,1.5736943277728523
703,0.6440553665161133,1.5737390277180676
704,0.6452280282974243,1.5740950265242786
705,0.6443541646003723,1.5803603350545448
706,0.6442122459411621,1.5784302382983246
707,0.6451159715652466,1.5767253575361269
708,0.6467068791389465,1.5688005126701654
709,0.6465873718261719,1.5719352765308614
710,0.6464380025863647,1.5667266882244282
711,0.6460720300674438,1.5706840423206863
712,0.645706057548523,1.5680808282248595
713,0.6471027731895447,1.5717757559388201
714,0.6439582705497742,1.5781620671316283
715,0.6444064378738403,1.577180792077909
716,0.6423300504684448,1.576972506938918
717,0.6461168527603149,1.5726519793976754
718,0.6472446918487549,1.5711163455448482
719,0.6455118656158447,1.5742282424450256
720,0.6472671031951904,1.5654152402344577
721,0.6460944414138794,1.5717166388869819
722,0.6444288492202759,1.5756236432837822
723,0.6442794799804688,1.5738332889908564
724,0.6449740529060364,1.5755839344260032
725,0.6463409066200256,1.5738614331407499
726,0.6455267667770386,1.5735339177954235
727,0.6465052366256714,1.5685465792272055
728,0.6462363600730896,1.5741395396768727
729,0.647498607635498,1.5659467166979815
730,0.6474911570549011,1.5631677899898375
731,0.6477077603340149,1.5630694796185942
732,0.6472521424293518,1.5635286885484017
733,0.6467068791389465,1.5659726836342558
734,0.6464231014251709,1.5684260803660608
735,0.6479019522666931,1.5606251829898476
736,0.6449217796325684,1.570090262268698
737,0.6471251845359802,1.5606762191697725
738,0.6470729112625122,1.5676239001203007
739,0.6478421688079834,1.5565668961530363
740,0.6471849083900452,1.5628213285144408
741,0.6451234817504883,1.5695509099145453
742,0.6453923583030701,1.573667306510252
743,0.6477749943733215,1.5660681511088865
744,0.646684467792511,1.5638152944844526
745,0.6471700072288513,1.5677026319074265
746,0.646684467792511,1.5638525013860036
747,0.6445856690406799,1.575670136879787
748,0.6479467749595642,1.5601615825307067
749,0.6472297310829163,1.5587106799726043
750,0.6484322547912598,1.5548331615732265
751,0.6487907767295837,1.5570939298494737
752,0.6474388837814331,1.559419605248417
753,0.6481484174728394,1.555155791357061
754,0.6461915373802185,1.5634533454816153
755,0.6470205783843994,1.5577933908696615
756,0.6473791003227234,1.5624316591643301
757,0.6474612951278687,1.5646670321864184
758,0.6468263864517212,1.5641133352826313
759,0.6461467146873474,1.568311463860001
760,0.6467143893241882,1.561566005056839
761,0.6474388837814331,1.552623279131059
762,0.6491343379020691,1.5587547442103273
763,0.6488580107688904,1.5549413356027675
764,0.6486414074897766,1.5540290359169098
765,0.6475732922554016,1.5566312316790933
766,0.6494854092597961,1.5541928517562555
767,0.6470056772232056,1.561157534615844
768,0.6485443115234375,1.5609875707679195
769,0.6475882530212402,1.5613193338428013
770,0.6469458937644958,1.561121395766702
771,0.6458404660224915,1.5658833660290958
772,0.6496422290802002,1.552064538422273
773,0.6468338966369629,1.5600866002989344
774,0.6460645794868469,1.5621263205202864
775,0.6491044759750366,1.5555714280530204
776,0.6496272683143616,1.550183365095802
777,0.6469534039497375,1.5583272004949145
778,0.6482828855514526,1.559350452541979
779,0.6483874320983887,1.5569581431052406
780,0.6489251852035522,1.5532111957752286
781,0.6471849083900452,1.558064254524799
782,0.6501426696777344,1.5502025712575123
783,0.647804856300354,1.5580385027949217
784,0.6487459540367126,1.5534320428163686
785,0.651599109172821,1.5449659189388614
786,0.6503592729568481,1.547542782352166
787,0.6494704484939575,1.5539484218025832
788,0.6506505608558655,1.5525056330728841
789,0.6487235426902771,1.5527874673589774
790,0.6480662822723389,1.554688291618206
791,0.6472820043563843,1.5637069552326135
792,0.6477824449539185,1.5578950564331309
793,0.650209903717041,1.5487879724627787
794,0.6511210799217224,1.5450954248228388
795,0.6490671038627625,1.5572344068665807
796,0.649799108505249,1.5501148026269789
797,0.6485143899917603,1.558947659318078
798,0.6482977867126465,1.556520938511797
799,0.6502546668052673,1.5513420258553048
800,0.6485965847969055,1.5531589172351685
801,0.649552583694458,1.5496810780996424
802,0.6495749950408936,1.552200270921053
803,0.6500231623649597,1.5475568850855346
804,0.6485443115234375,1.55004224268744
805,0.6498812437057495,1.5480296897508525
806,0.6507551074028015,1.5459178821817927
807,0.6484845280647278,1.5528258703316375
808,0.6509343981742859,1.5399938061017127
809,0.6489027738571167,1.5474466669914384
810,0.6476629376411438,1.5445355419055338
811,0.6488505005836487,1.5511516716967364
812,0.6496720910072327,1.548402783243621
813,0.648783266544342,1.5527234387982212
814,0.6501277089118958,1.5458119132098047
815,0.6516513824462891,1.542528541438593
816,0.6508970260620117,1.5393711452447234
817,0.6508522033691406,1.5432262408278028
818,0.6485143899917603,1.5495802317650338
819,0.6492388844490051,1.5513800212338047
820,0.6512705087661743,1.5451512843908672
821,0.6496796011924744,1.5519806356021049
822,0.6520174145698547,1.5403402483128683
823,0.6500754356384277,1.5410883383180147
824,0.6510165333747864,1.5445422207402946
825,0.6527717709541321,1.5411557303265917
826,0.6486861705780029,1.5453954485165318
827,0.6524655222892761,1.5354310425915967
828,0.651494562625885,1.5374893076687692
829,0.6528240442276001,1.5379078758344682
830,0.6493285298347473,1.544862696344616
831,0.6515318751335144,1.5443177591359496
832,0.6505086421966553,1.5465732627842896
833,0.6519874930381775,1.5448633630515451
834,0.6499484777450562,1.542800079915574
835,0.6502920389175415,1.5496692786344166
836,0.6504115462303162,1.542994700508781
837,0.6491044759750366,1.5488817220703424
838,0.652674674987793,1.5361238274873377
839,0.652368426322937,1.53715917469273
840,0.6521145105361938,1.5415604138626129
841,0.6493285298347473,1.5443595319707208
842,0.6518381237983704,1.5367331911618158
843,0.652211606502533,1.5450838253866088
844,0.6532647013664246,1.5349783888389266
845,0.6520472764968872,1.536737404638489
846,0.6536680459976196,1.5366429158542645
847,0.6527343988418579,1.53734349688226
848,0.6508820652961731,1.5395367690272233
849,0.6502770781517029,1.5389221438892449
850,0.6512854099273682,1.5432850861911585
851,0.6524804830551147,1.535539267524108
852,0.6521891951560974,1.5329916806643618
853,0.6530107855796814,1.533677115201462
854,0.6531825661659241,1.534097455102161
855,0.6532871127128601,1.5334672753270921
856,0.6521443724632263,1.5336154864864835
857,0.6513974666595459,1.5313867401603396
858,0.6527045369148254,1.5351085238772062
859,0.6515393853187561,1.5423233672216778
860,0.6519128084182739,1.5385297404325957
861,0.652009904384613,1.5367500446161961
862,0.6521219611167908,1.5317291285896468
863,0.651143491268158,1.5416120123916999
864,0.6508597135543823,1.5389647843788126
865,0.6509642601013184,1.5375973200232822
866,0.6538622379302979,1.5275696029516066
867,0.6519203186035156,1.5384775887323736
868,0.6522937417030334,1.5346340875940592
869,0.6517933011054993,1.531602208398486
870,0.6517410278320312,1.5322492577473572
871,0.6526148915290833,1.528879239435126
872,0.653600811958313,1.5275082788174936
873,0.6529211401939392,1.5301216033579794
874,0.6539891958236694,1.5346388155103785
875,0.65554279088974,1.5207890881231003
876,0.651853084564209,1.5376075204158137
877,0.652316153049469,1.538242651280711
878,0.6522937417030334,1.5383385912438887
879,0.6527643203735352,1.5360299589785555
880,0.6529435515403748,1.522398018495782
881,0.6545867323875427,1.521203953846963
882,0.6533842086791992,1.5330615662044003
883,0.6524879336357117,1.5319291264080956
884,0.6532946228981018,1.5292416465148349
885,0.6532572507858276,1.5288764131084676
886,0.650979220867157,1.542546200833817
887,0.6523011922836304,1.5370587827203315
888,0.6541087031364441,1.5260984776575397
889,0.6532722115516663,1.5304690233086164
890,0.6536456346511841,1.523548323931152
891,0.6544896364212036,1.5255923770040773
892,0.655131995677948,1.522176122605928
893,0.652726948261261,1.5284421272754933
894,0.6535859107971191,1.530649659045737
895,0.6542730331420898,1.5223962712301793
896,0.6542057991027832,1.5259273272548777
897,0.6544821858406067,1.5202639977074328
898,0.6544448137283325,1.5239542630494372
899,0.6541162133216858,1.5250821766910958
900,0.6532572507858276,1.5251375273932508
901,0.6527643203735352,1.5326713022555982
902,0.6552739143371582,1.5254199381018376
903,0.653899610042572,1.526483673064832
904,0.6539294719696045,1.523386439733541
905,0.654833197593689,1.521773187767239
906,0.6530929207801819,1.5301387532872144
907,0.6535559892654419,1.527603625056332
908,0.6544075012207031,1.526497919537433
909,0.6552813649177551,1.5238589843013308
910,0.6568871736526489,1.5206416019673161
911,0.6540938019752502,1.5287909188123194
912,0.6549004316329956,1.5179655801465841
913,0.6549527049064636,1.5201463676582732
914,0.6547585129737854,1.5182898685338562
915,0.6563718318939209,1.5193522427358899
916,0.6553784608840942,1.5239991816307898
917,0.6538846492767334,1.525395106963353
918,0.6567303538322449,1.5197502159960852
919,0.6562150120735168,1.51170559025818
920,0.6564241051673889,1.5094830183474763
921,0.6560655832290649,1.5143971834248555
922,0.6564092040061951,1.5216201186178333
923,0.6546241044998169,1.5196404432998627
924,0.6553261876106262,1.5177902687497515
925,0.6554456949234009,1.5141599160097055
926,0.6556323766708374,1.5205263866795642
927,0.6566780805587769,1.5120479305286652
928,0.6576714515686035,1.509367621377879
929,0.6542655825614929,1.522586869252885
930,0.6560282707214355,1.5160136543642928
931,0.6549751162528992,1.5200268339733614
932,0.6550273895263672,1.5186741128400274
933,0.6551020741462708,1.5163730529315436
934,0.6536680459976196,1.5209058879276298
935,0.6544672250747681,1.5225188681502457
936,0.6554830074310303,1.5182124952639355
937,0.6557967066764832,1.5151911071874615
938,0.655647337436676,1.515895576431321
939,0.6576042175292969,1.5092812414501815
940,0.6564092040061951,1.5101752425020796
941,0.654370129108429,1.5168664099280005
942,0.655236542224884,1.517272988463097
943,0.6571411490440369,1.5098492528052294
944,0.655243992805481,1.5167365513915927
945,0.657230794429779,1.5125151199098752
946,0.6572532057762146,1.5109392921474736
947,0.655595064163208,1.517850189566347
948,0.6556847095489502,1.5172450606610666
949,0.6564763784408569,1.5141415015783888
950,0.6582241654396057,1.5118774501077463
951,0.6568498611450195,1.5103503176866924
952,0.655595064163208,1.5133511089771823
953,0.656775176525116,1.5097785032769755
954,0.6553336381912231,1.5183309254397637
955,0.6579030156135559,1.508570081242818
956,0.657230794429779,1.5056078777854869
957,0.6566482186317444,1.508109650340775
958,0.6562075018882751,1.5105718037617808
959,0.6542804837226868,1.5207343712675452
960,0.6556622982025146,1.5100538131467467
961,0.6582241654396057,1.5076872957366605
962,0.654825747013092,1.5239001695589398
963,0.65852290391922,1.5015922116023785
964,0.6562075018882751,1.507573243802149
965,0.6576266288757324,1.510535519832496
966,0.6565585732460022,1.5139610637832157
967,0.6587246060371399,1.506543767738408
968,0.6598225235939026,1.5017097891619124
969,0.6547286510467529,1.5204068955583325
970,0.6554979681968689,1.5176200198220435
971,0.6580299735069275,1.5037410872539916
972,0.6550348997116089,1.5150097447283022
973,0.6579254269599915,1.5017814530702744
974,0.6562523245811462,1.5083210765091188
975,0.657230794429779,1.507159570655548
976,0.6580747961997986,1.5048199279213974
977,0.6581867933273315,1.5047561609130486
978,0.6574398875236511,1.504609281014579
979,0.6570814251899719,1.5135201562600082
980,0.6570440530776978,1.5035233019966883
981,0.6558415293693542,1.510830956168668
982,0.65805983543396,1.5056048897446237
983,0.6593146324157715,1.5015877868262912
984,0.6583063006401062,1.505874043864861
985,0.6565884351730347,1.5098769953532138
986,0.6574398875236511,1.511279622177123
987,0.6583959460258484,1.5017425890468767
988,0.657701313495636,1.5093568443331362
989,0.6567900776863098,1.5100340198441597
990,0.6595088243484497,1.5018530374286105
991,0.6571261882781982,1.507710780445726
992,0.6586872339248657,1.5083224790341991
993,0.6581569314002991,1.5044494127526684
994,0.6592025756835938,1.5076272732085045
995,0.6577610969543457,1.5068371540355812
996,0.6563867926597595,1.50629983831488
997,0.660569429397583,1.4939672486871076
998,0.6592399477958679,1.5000528511891271
999,0.6579403281211853,1.5051989563675028
1000,0.6553261876106262,1.516661801279858
1001,0.6570066809654236,1.5081181322465356
1002,0.6587395071983337,1.5020340799282772
1003,0.6565062999725342,1.4997229653413549
1004,0.6593146324157715,1.4958050442385153
1005,0.6570290923118591,1.5073433339897633
1006,0.6574996709823608,1.507698189750499
1007,0.659747838973999,1.5007620305239173
1008,0.6585080027580261,1.502511120092904
1009,0.6586125493049622,1.4975392523788884
1010,0.659337043762207,1.5000243121632477
1011,0.6592100858688354,1.5073203608372967
1012,0.6590307950973511,1.4991863032710646
1013,0.6586125493049622,1.5018820044703842
1014,0.6576714515686035,1.5024143651177009
1015,0.6574398875236511,1.505093496768904
1016,0.6603901982307434,1.4903526137407705
1017,0.6604050993919373,1.497032952161208
1018,0.6601362228393555,1.496641456356963
1019,0.6596283316612244,1.497618040197568
1020,0.6586050987243652,1.5058298571768687
1021,0.6598523855209351,1.4920288610773211
1022,0.6599718928337097,1.4938045357317995
1023,0.6583809852600098,1.4983861372390117
1024,0.6593594551086426,1.4943063465318736
1025,0.6612117886543274,1.4910730815219766
1026,0.6591503024101257,1.4952242621197624
1027,0.6601213216781616,1.4952763700649772
1028,0.6611819267272949,1.4928754869706975
1029,0.6592922210693359,1.4935629200917913
1030,0.6596881151199341,1.4974600732083434
1031,0.6606740355491638,1.4865516847037896
1032,0.6585453152656555,1.5018383714539199
1033,0.6603304147720337,1.4957640113710615
1034,0.6596059203147888,1.493995937375021
1035,0.6598523855209351,1.5023926910888148
1036,0.6609055399894714,1.497294786567871
1037,0.6606292128562927,1.4887658108385335
1038,0.6596283316612244,1.4931126044638232
1039,0.6621901988983154,1.4871313929150007
1040,0.6596507430076599,1.495103704384974
1041,0.6601660847663879,1.4925887712972092
1042,0.6600989103317261,1.4964973986591352
1043,0.6595984697341919,1.4985069395057216
1044,0.6609578132629395,1.4892529489914164
1045,0.6606740355491638,1.4955592639840554
1046,0.6603005528450012,1.4957754736141256
1047,0.6596731543540955,1.4906029609630713
1048,0.6608158946037292,1.4973954186309804
1049,0.6602258682250977,1.487714831837583
1050,0.6601213216781616,1.494329827111361
1051,0.6591054797172546,1.4951176120256082
1052,0.6624292135238647,1.4837214300901478
1053,0.6604424715042114,1.492464330375418
1054,0.6598300337791443,1.4871627834581427
1055,0.6597403883934021,1.4846940817123564
1056,0.6591054797172546,1.4973088005945556
1057,0.6601960062980652,1.493736757067216
1058,0.6601660847663879,1.4930418246804893
1059,0.6609354019165039,1.4878726772152755
1060,0.6617047190666199,1.4839570084562392
1061,0.6604050993919373,1.483908096225678
1062,0.6599494814872742,1.4955488570289264
1063,0.6615478992462158,1.4831870668841856
1064,0.6620706915855408,1.483977199911407
1065,0.6620706915855408,1.487015385268247
1066,0.6611520051956177,1.4870825393889109
1067,0.6624964475631714,1.4847920950798599
1068,0.6625038981437683,1.4851023771529106
1069,0.662264883518219,1.4809665843743578
1070,0.6623769402503967,1.4886990940400056
1071,0.6618840098381042,1.4873169972254328
1072,0.6627354621887207,1.480206347935735
1073,0.6620184183120728,1.4871634787284318
1074,0.6611893773078918,1.4884688538346658
1075,0.6615628004074097,1.4857234197246065
1076,0.6612192392349243,1.4868148554874923
1077,0.659180223941803,1.4915371889273337
1078,0.6605545282363892,1.4879615236923878
1079,0.6616674065589905,1.4827395489892432
1080,0.6607487201690674,1.4868435423732784
1081,0.6599569916725159,1.49486434590572
1082,0.6620109677314758,1.4851750807675743
1083,0.6625412702560425,1.4819246464644786
1084,0.6594341397285461,1.492455271913607
1085,0.6635944247245789,1.4795982114457715
1086,0.6633927226066589,1.4739953518170248
1087,0.6626757383346558,1.48197171538603
1088,0.6652002334594727,1.4749331449694123
1089,0.6606665253639221,1.493339103319543
1090,0.6604050993919373,1.4926533290333852
1091,0.6591204404830933,1.4894781966027988
1092,0.66297447681427,1.480600696366655
1093,0.6612117886543274,1.4919941466779534
1094,0.6623919010162354,1.4817355311490483
1095,0.6628026962280273,1.4803423077821207
1096,0.6637886166572571,1.4748305773967614
1097,0.6632657647132874,1.4739917452583275
1098,0.6619811058044434,1.4782876782116492
1099,0.6615403890609741,1.482707946779851
1100,0.663691520690918,1.475429196466567
1101,0.6618242263793945,1.4866390749819918
1102,0.6625038981437683,1.4779726094074004
1103,0.6636840105056763,1.474196397567097
1104,0.6627728343009949,1.481847380189628
1105,0.6611744165420532,1.4829829626927595
1106,0.6640948057174683,1.4728593845882285
1107,0.6624516248703003,1.4791090043066237
1108,0.6637662053108215,1.4714364740694434
1109,0.662615954875946,1.4833413092664778
1110,0.6624889969825745,1.4785033767445561
1111,0.663691520690918,1.4783748546920337
1112,0.6635496020317078,1.4715524383404912
1113,0.6650060415267944,1.46838474894632
1114,0.6619960069656372,1.4780027666509044
1115,0.6619437336921692,1.4798577632731391
1116,0.6639230251312256,1.4776210344281324
1117,0.6615403890609741,1.483085743026827
1118,0.6619661450386047,1.4777333163834718
1119,0.6622499823570251,1.4825698366680584
1120,0.6604872941970825,1.4855703218569152
1121,0.6628175973892212,1.4795870264453745
1122,0.6637736558914185,1.475936621441337
1123,0.6618914604187012,1.481036277690463
1124,0.6649463176727295,1.4644933470320185
1125,0.6646774411201477,1.4710961500801256
1126,0.664513111114502,1.4726398851126314
1127,0.6635122299194336,1.47581184307657
1128,0.6642740964889526,1.4704335297521467
1129,0.6639528870582581,1.473055918867786
1130,0.6656932234764099,1.4633052149912782
1131,0.6641770005226135,1.4707547939331393
1132,0.6634674072265625,1.4737722538139495
1133,0.6642740964889526,1.4668798788507407
1134,0.6649313569068909,1.4698941733788229
1135,0.663026750087738,1.4779154090941324
1136,0.6623993515968323,1.4739854416435447
1137,0.6642815470695496,1.4691662335401867
1138,0.664617657661438,1.4716241733135667
1139,0.6649089455604553,1.4661806888797433
1140,0.6625562310218811,1.468990930432783
1141,0.665132999420166,1.4657582217228131
1142,0.6643860936164856,1.4773667812144406
1143,0.6631761193275452,1.4705641512935395
1144,0.6637736558914185,1.4691189429747977
1145,0.6638259291648865,1.4697117592644748
1146,0.6647968888282776,1.4576792992552297
1147,0.6654168367385864,1.469009539942588
1148,0.6647297143936157,1.4724273335657134
1149,0.6642740964889526,1.4724540148869345
1150,0.6637586951255798,1.4683143905295293
1151,0.6648492217063904,1.470690428403089
1152,0.6648790836334229,1.4733272436537952
1153,0.6646026968955994,1.4666032843670058
1154,0.6642292737960815,1.4639229597325283
1155,0.6659845113754272,1.4632773788680171
1156,0.6665819883346558,1.460133680632296
1157,0.6655811667442322,1.4646035026980782
1158,0.6637811064720154,1.4749495376757837
1159,0.6657753586769104,1.4709691894087713
1160,0.6654019355773926,1.4688885567330474
1161,0.6644309163093567,1.4731659343721561
1162,0.6662907004356384,1.4652216415424648
1163,0.6655288934707642,1.4677154931503822
1164,0.6659471392631531,1.4630761075475354
1165,0.6644160151481628,1.466283231276036
1166,0.6664550304412842,1.4613279810107491
1167,0.6653496026992798,1.4654957575457055
1168,0.6672915816307068,1.4648946953292081
1169,0.6629296541213989,1.470522477340704
1170,0.6650882363319397,1.4661975001230336
1171,0.6660965085029602,1.4615110580194233
1172,0.6638857126235962,1.4657102212546456
1173,0.6644309163093567,1.4637997537273033
1174,0.664669930934906,1.467252283042321
1175,0.665850043296814,1.465079955744978
1176,0.6645280122756958,1.4649041207945792
1177,0.6658799052238464,1.463123233150617
1178,0.6657753586769104,1.4647870720400673
1179,0.6643338203430176,1.4637505566448954
1180,0.6667014956474304,1.458544783273611
1181,0.6664177179336548,1.460778320460531
1182,0.6673737168312073,1.454253116817254
1183,0.6671198010444641,1.4570079586598952
1184,0.6660367846488953,1.4598119970240053
1185,0.6652226448059082,1.4614829010462904
1186,0.6669629216194153,1.4581938885528414
1187,0.6673662662506104,1.4599791276466145
1188,0.666148841381073,1.4557147496378033
1189,0.6667687296867371,1.464504584067948
1190,0.6657305359840393,1.4617301748920193
1191,0.6651778221130371,1.4646982437373721
1192,0.6665819883346558,1.4632947943902
1193,0.6658574938774109,1.4634093658395182
1194,0.6666043996810913,1.459150287680229
1195,0.6666417717933655,1.4581796479068807
1196,0.6673288941383362,1.4555714863076725
1197,0.6656857132911682,1.4630339388253077
1198,0.6665297150611877,1.4569212242295595
1199,0.6673662662506104,1.45388020359419
1200,0.6662085652351379,1.4610740274345384
1201,0.6660740971565247,1.4554188789747304
1202,0.6671571135520935,1.4572795352237307
1203,0.6661787033081055,1.4590204667142557
1204,0.6679115295410156,1.451704753002064
1205,0.6664924025535583,1.45847257506407
1206,0.6678816080093384,1.4581876518927823
1207,0.6669330596923828,1.4568394690873565
1208,0.6673364043235779,1.466318912203232
1209,0.6679413914680481,1.4569956101299626
1210,0.6667463183403015,1.4603964173419655
1211,0.664722204208374,1.4553885914313756
1212,0.6676949262619019,1.4513332439673081
1213,0.6661114692687988,1.4565361411863227
1214,0.667792022228241,1.4569132724127472
1215,0.6684418320655823,1.4638180181030382
1216,0.6650882363319397,1.4637283863205073
1217,0.6675530076026917,1.4578644625876294
1218,0.666723906993866,1.457075748304633
1219,0.6662384271621704,1.462157329864377
1220,0.6672617197036743,1.452863224538211
1221,0.6666567325592041,1.4539468051206845
1222,0.6670376062393188,1.4523177826876295
1223,0.6677247881889343,1.451225998991322
1224,0.6657603979110718,1.4598745382119003
1225,0.6665894985198975,1.4584164862341207
1226,0.6668210029602051,1.4575542439576474
1227,0.6652450561523438,1.458402352000922
1228,0.6673886775970459,1.452428441465933
1229,0.6678667068481445,1.455932119869843
1230,0.6684567332267761,1.4459918916324266
1231,0.6679638028144836,1.454312415981881
1232,0.6680833101272583,1.4490880691896353
1233,0.6701745986938477,1.4420781189195515
1234,0.6691439151763916,1.4450734949032873
1235,0.668247640132904,1.4552632162508734
1236,0.6675828695297241,1.4545276424340348
1237,0.6679787039756775,1.4432475518053434
1238,0.6685538291931152,1.4463502003810618
1239,0.6683745980262756,1.4462075777320804
1240,0.6674259901046753,1.4554720978815017
1241,0.6670301556587219,1.4529701570463538
1242,0.666559636592865,1.4571173354668803
1243,0.6689123511314392,1.4501650803489063
1244,0.6698235869407654,1.443800799406054
1245,0.6684791445732117,1.4513100000381072
1246,0.6687629818916321,1.4460234465235144
1247,0.6700700521469116,1.440910661510636
1248,0.667485773563385,1.4460749785145752
1249,0.6693530082702637,1.4438884761209774
1250,0.6694725155830383,1.4503990898849186
1251,0.6693978309631348,1.444046184189755
1252,0.6683297753334045,1.4487877930236202
1253,0.6678741574287415,1.450438972790433
1254,0.6697862148284912,1.4443260280138925
1255,0.668658435344696,1.4457460464087881
1256,0.6685314178466797,1.4433888437454379
1257,0.6677023768424988,1.450999164119014
1258,0.6685165166854858,1.4514903131018597
1259,0.6681430339813232,1.4486131032983443
1260,0.6669405102729797,1.450907571632776
1261,0.6707870960235596,1.4388656963529998
1262,0.6680459380149841,1.4464063778731764
1263,0.6717431545257568,1.439517233290639
1264,0.6679339408874512,1.4511021292708415
1265,0.6662982106208801,1.4630931575708988
1266,0.6678667068481445,1.4495795369192774
1267,0.6678144335746765,1.4477018451155734
1268,0.669539749622345,1.4430648222403823
1269,0.6675530076026917,1.4501032854607048
1270,0.6710634231567383,1.4397474117873683
1271,0.6700103282928467,1.4385663872935592
1272,0.6704509854316711,1.4392583945375799
1273,0.6696816682815552,1.4398953986638383
1274,0.6692708730697632,1.4441849105738458
1275,0.6701148748397827,1.4405792685592025
1276,0.6691439151763916,1.442149339930224
1277,0.6697339415550232,1.4368080198591178
1278,0.6685463786125183,1.4486252493614231
1279,0.6689422130584717,1.4462867126614711
1280,0.6693007349967957,1.4392378880983578
1281,0.6700103282928467,1.4397472399531155
1282,0.6696592569351196,1.4496538488078123
1283,0.6671944856643677,1.4585776526330718
1284,0.6695024371147156,1.4430359038916583
1285,0.6692111492156982,1.4473739218537696
1286,0.6703314781188965,1.4414454245787067
1287,0.66994309425354,1.440357395678524
1288,0.6695098876953125,1.4427426880326235
1289,0.6692036390304565,1.4408460959320013
1290,0.6700476408004761,1.4375981179816995
1291,0.6695771217346191,1.4468241338796246
1292,0.6711306571960449,1.434387626884149
1293,0.6700327396392822,1.4375085378090997
1294,0.6690019965171814,1.439708414721752
1295,0.6697862148284912,1.4427930000975395
1296,0.6700700521469116,1.4406016290685557
1297,0.6703912019729614,1.433337385318278
1298,0.6703987121582031,1.4408869805192897
1299,0.6708468198776245,1.4413064758242287
1300,0.6691588163375854,1.4410303051146223
1301,0.6708543300628662,1.4349934142977483
1302,0.6695024371147156,1.438301589776647
1303,0.671175479888916,1.440297619977687
1304,0.6704808473587036,1.4387324597166937
1305,0.6717655062675476,1.4360817407430213
1306,0.670301616191864,1.4435766013699347
1307,0.6711156964302063,1.432477915048218
1308,0.6727887988090515,1.4262046800751618
1309,0.6714219450950623,1.4352730439839434
1310,0.6723630428314209,1.426502611905191
1311,0.6727887988090515,1.4340717052766263
1312,0.6693082451820374,1.4433500407468396
1313,0.6731323599815369,1.4340582472720704
1314,0.6689646244049072,1.4411956031768773
1315,0.6715489029884338,1.4378754940116727
1316,0.6722136735916138,1.4342124001142835
1317,0.67107093334198,1.4373865728355644
1318,0.6712128520011902,1.4365796244675284
1319,0.6702045202255249,1.4322456850166532
1320,0.6715788245201111,1.4297247200471073
1321,0.6740137338638306,1.425306497667905
1322,0.6726767420768738,1.4251559874162485
1323,0.6739689111709595,1.4234383174221035
1324,0.6714369058609009,1.4276531248861368
1325,0.6713248491287231,1.438363492751523
1326,0.6707422733306885,1.43179420604791
1327,0.6702418327331543,1.438502405529345
1328,0.6706675887107849,1.432740040826083
1329,0.671175479888916,1.4325918714094423
1330,0.6700924634933472,1.4384466978243673
1331,0.6718551516532898,1.4367158841045404
1332,0.6718850135803223,1.4277762821876279
1333,0.6718775629997253,1.4313732645697288
1334,0.6701821088790894,1.4381421924433389
1335,0.6718327403068542,1.4298991158707237
1336,0.6726618409156799,1.430027174801487
1337,0.6734908819198608,1.4118508317904592
1338,0.6730800867080688,1.4268478353672829
1339,0.672407865524292,1.4279933988361522
1340,0.6721315383911133,1.4310868768994176
1341,0.6741780042648315,1.428882231182459
1342,0.6714593172073364,1.4336815171418198
1343,0.6720792055130005,1.430864545120938
1344,0.6743946075439453,1.422856002147198
1345,0.6723854541778564,1.428368482481024
1346,0.6736626625061035,1.4235659605422883
1347,0.6706377267837524,1.4269296601211006
1348,0.6740137338638306,1.4233593571298788
1349,0.6742079257965088,1.4200365061456721
1350,0.6707572340965271,1.4310521973548282
1351,0.6737448573112488,1.4211222649657007
1352,0.670660138130188,1.4365901747167003
1353,0.6732145547866821,1.4259918218193723
1354,0.6718701124191284,1.4284943075754029
1355,0.6716759204864502,1.4254715945988747
1356,0.6736552119255066,1.4235727442530168
1357,0.6730950474739075,1.4206041181194162
1358,0.6740660071372986,1.4289172446637113
1359,0.6713099479675293,1.4241764085025668
1360,0.6724825501441956,1.4238197630852816
1361,0.6716086864471436,1.426321668079111
1362,0.670712411403656,1.4299795930643409
1363,0.6723331809043884,1.426602540762953
1364,0.6716684103012085,1.4265764836205963
1365,0.6740062236785889,1.4239717957088194
1366,0.6724153161048889,1.4301613335802257
1367,0.6740585565567017,1.4140694175364803
1368,0.6744842529296875,1.4194509109511857
1369,0.6730427145957947,1.4259321620031493
1370,0.6743348836898804,1.413757839028794
1371,0.6735879778862,1.424056464725091
1372,0.672303318977356,1.4249539844837664
1373,0.6722062230110168,1.431583150387658
1374,0.6725273728370667,1.429657253357097
1375,0.6741929650306702,1.4232460458091
1376,0.6747680902481079,1.4167133102499905
1377,0.67292320728302,1.4148518107425798
1378,0.6734759211540222,1.4235810225789498
1379,0.6753058433532715,1.4157860008603904
1380,0.6734460592269897,1.421467865074158
1381,0.6729979515075684,1.4212543109283753
1382,0.6753880381584167,1.4173379083153643
1383,0.6751042008399963,1.4158376795111267
1384,0.6733713746070862,1.4296633580683231
1385,0.6727813482284546,1.422260027668783
1386,0.6738718152046204,1.4203916996788237
1387,0.6744842529296875,1.4156087181963937
1388,0.6733639240264893,1.425903195321089
1389,0.6722360849380493,1.422033290857481
1390,0.6742900609970093,1.4136648742672133
1391,0.6755149960517883,1.4166317826049772
1392,0.6745365262031555,1.4154443773592869
1393,0.6740211844444275,1.4193201604882488
1394,0.6752983927726746,1.4192660259993577
1395,0.6736178398132324,1.4183808983528887
1396,0.6737896203994751,1.4226993829158385
1397,0.6737298965454102,1.4190038995448047
1398,0.672348141670227,1.4286501134793341
1399,0.6729605793952942,1.4195884312474032
1400,0.6737074851989746,1.419537390770509
1401,0.6727738380432129,1.4223072160970103
1402,0.6736776232719421,1.420819393001067
1403,0.6719522476196289,1.422383906232508
1404,0.6725870966911316,1.4213968177746574
1405,0.6747008562088013,1.4144501992279739
1406,0.6748875975608826,1.4183774700035583
1407,0.67451411485672,1.4184170662426334
1408,0.6749548316001892,1.4126873726434714
1409,0.6749025583267212,1.4102415062194746
1410,0.6746934056282043,1.4236666208695905
1411,0.6724004149436951,1.4226211518921366
1412,0.6747307181358337,1.4194167127330457
1413,0.6761349439620972,1.408841679682198
1414,0.6753432154655457,1.4111710393432186
1415,0.6755448579788208,1.4144824132773575
1416,0.6749473214149475,1.415832527923963
1417,0.6752983927726746,1.4101122556374441
1418,0.6757166385650635,1.4176429819612335
1419,0.6761199831962585,1.4085900365790776
1420,0.6755598187446594,1.4071490282246166
1421,0.6750967502593994,1.4183924321432517
1422,0.6753656268119812,1.4138456756486717
1423,0.6761199831962585,1.4115557051779821
1424,0.6766801476478577,1.406993118066202
1425,0.6737298965454102,1.4200307860692922
1426,0.6738792657852173,1.4191352470104566
1427,0.6759556531906128,1.4122646275938975
1428,0.674760639667511,1.4125311369250801
1429,0.676866888999939,1.4074968399651857
1430,0.6770461201667786,1.4026138734456368
1431,0.676508367061615,1.4119285688567944
1432,0.6754328012466431,1.411913295351547
1433,0.6743274331092834,1.416379723328004
1434,0.6745216250419617,1.4170927154030066
1435,0.676919162273407,1.4050318938133035
1436,0.6759183406829834,1.4109838504786132
1437,0.6745589375495911,1.4100650397321193
1438,0.676560640335083,1.4103803453825376
1439,0.6768444776535034,1.4063542547180792
1440,0.6734535098075867,1.4146235571937156
1441,0.6739464998245239,1.4173850354837323
1442,0.6767697930335999,1.410915577283259
1443,0.6758585572242737,1.4100827760507508
1444,0.6747905015945435,1.4165681957096259
1445,0.675582230091095,1.4110257191947428
1446,0.6759033799171448,1.4077963137411889
1447,0.6753432154655457,1.4153865507355872
1448,0.6750967502593994,1.4136245183691978
1449,0.6771208047866821,1.4077469142400076
1450,0.6775241494178772,1.4054514367606448
1451,0.6762245297431946,1.4075678944838794
1452,0.6743124723434448,1.4111297557414626
1453,0.6769863963127136,1.4032730148293862
1454,0.675529956817627,1.4114615715819876
1455,0.676859438419342,1.4053945969778812
1456,0.6764785051345825,1.4056523186756296
1457,0.6781366467475891,1.3968802344130724
1458,0.6756643652915955,1.4155484550183688
1459,0.6768295168876648,1.4030805650105773
1460,0.6741108298301697,1.4149809256112549
1461,0.676971435546875,1.4018093930979214
1462,0.6764859557151794,1.410229745040548
1463,0.6750295162200928,1.408008239677513
1464,0.6763291358947754,1.405241686828805
1465,0.677277684211731,1.4015005000144087
1466,0.6773897409439087,1.3996162280317235
1467,0.6758361458778381,1.409236067585402
1468,0.6780021786689758,1.3998051845747617
1469,0.6762843132019043,1.4059631741919656
1470,0.6746485829353333,1.4068877554833048
1471,0.6781739592552185,1.3979040445087685
1472,0.6760303378105164,1.4121845555565828
1473,0.6793839335441589,1.3921156715609864
1474,0.677688479423523,1.3996245498971922
1475,0.6777108907699585,1.4006663118455767
1476,0.6750519275665283,1.4092762389683864
1477,0.6760602593421936,1.406887039472526
1478,0.6769341230392456,1.4025617528427934
1479,0.6770536303520203,1.4052253491407356
1480,0.674402117729187,1.4156303459825534
1481,0.6749473214149475,1.4173675692615857
1482,0.6755448579788208,1.4098365382198124
1483,0.6761423945426941,1.4051929621530292
1484,0.6755075454711914,1.4054027569831231
1485,0.6775092482566833,1.4044594169081503
1486,0.6761797070503235,1.4046464594104666
1487,0.6767548322677612,1.4032875581686086
1488,0.6762768030166626,1.4025853925793168
1489,0.6796677708625793,1.395248518544213
1490,0.6791748404502869,1.3938387705131772
1491,0.6780544519424438,1.4005043472930372
1492,0.6773000955581665,1.39983518754763
1493,0.6770013570785522,1.4032835439053442
1494,0.6782860159873962,1.3970844821603128
1495,0.67942875623703,1.3942364306929484
1496,0.6787266731262207,1.3969460578284107
1497,0.6790926456451416,1.3928372703871386
1498,0.6776362061500549,1.3971471295615245
1499,0.6773673295974731,1.4046517766633375
1500,0.677277684211731,1.3995932237302364
1501,0.6785324811935425,1.3950612909036
1502,0.6771059036254883,1.4014969012055707
1503,0.6779499053955078,1.393208615490646
1504,0.6774270534515381,1.3965229597186126
1505,0.6782262325286865,1.400214953124305
1506,0.6779424548149109,1.400751873646703
1507,0.6791524291038513,1.392937764443276
1508,0.6789208650588989,1.3960119525530392
1509,0.6811914443969727,1.3757933889795793
1510,0.6796976327896118,1.3908937132063124
1511,0.6807059645652771,1.3858931330277013
1512,0.6784802079200745,1.392042248856613
1513,0.6772403120994568,1.3991434171907364
1514,0.6782262325286865,1.399127343313076
1515,0.6784727573394775,1.400325994729985
1516,0.6780096292495728,1.3940092759145706
1517,0.678196370601654,1.3931678801380096
1518,0.6777557134628296,1.3973036506339362
1519,0.6815574169158936,1.3843574718544833
1520,0.6791225075721741,1.3936360576636704
1521,0.680504322052002,1.3869560893257238
1522,0.6779573559761047,1.4028578653541854
1523,0.6799291968345642,1.3869772788904648
1524,0.6778229475021362,1.3930169987728034
1525,0.6812064051628113,1.389542949982676
1526,0.6784802079200745,1.395281904302154
1527,0.6775913834571838,1.4018350226321779
1528,0.6777631640434265,1.4040068526261096
1529,0.677681028842926,1.4042905480003018
1530,0.6776436567306519,1.4007226035270237
1531,0.6765531897544861,1.4034252416552793
1532,0.680959939956665,1.3902419399157735
1533,0.677628755569458,1.399506679269394
1534,0.6786669492721558,1.397844317787683
1535,0.6789283156394958,1.3921292146359183
1536,0.6801682114601135,1.3878548802411736
1537,0.6771880388259888,1.39655997286834
1538,0.6794661283493042,1.3927503573699151
1539,0.6799291968345642,1.3887186017613475
1540,0.6783084273338318,1.391639973010609
1541,0.6783382892608643,1.389817860113211
1542,0.6806985139846802,1.3834766012901112
1543,0.6782337427139282,1.3946455774658701
1544,0.6792793869972229,1.3887571365439415
1545,0.6806014180183411,1.3832460003886564
1546,0.6809524297714233,1.388263296041387
1547,0.6769565343856812,1.3975669022747412
1548,0.6791822910308838,1.3844603847125685
1549,0.6784652471542358,1.3914853342778635
1550,0.679481029510498,1.3905852559580025
1551,0.6788536310195923,1.3916392336095726
1552,0.6779424548149109,1.3990244838741723
1553,0.6804072260856628,1.3920689940732154
1554,0.6789507269859314,1.3868394471343133
1555,0.6789731383323669,1.388600082154067
1556,0.6788013577461243,1.391644175601508
1557,0.67850261926651,1.3902929725199362
1558,0.6782785058021545,1.3970949872601437
1559,0.6793839335441589,1.3908830943196002
1560,0.6773747801780701,1.3941400264861339
1561,0.6804594993591309,1.389920871653787
1562,0.6799441576004028,1.3891471009995038
1563,0.6787117123603821,1.3921584629359687
1564,0.6802130341529846,1.3825425468482604
1565,0.6788163185119629,1.3852844921451288
1566,0.6816172003746033,1.3820920710108284
1567,0.6812586784362793,1.3825645773813569
1568,0.6810495257377625,1.3874140507899626
1569,0.6788536310195923,1.3892174347973136
1570,0.6801159381866455,1.3904697534624608
1571,0.6792047023773193,1.3888603268192081
1572,0.6804968118667603,1.3870662892133494
1573,0.6794138550758362,1.3886817917088623
1574,0.6786370277404785,1.3948859275994494
1575,0.6796453595161438,1.3877867731139777
1576,0.6806910634040833,1.3816897578508194
1577,0.6806462407112122,1.3821780835164879
1578,0.679682731628418,1.3801042242711759
1579,0.6808478832244873,1.3904660994519025
1580,0.6804669499397278,1.3894625905185385
1581,0.6792495250701904,1.3916763012255673
1582,0.6794138550758362,1.3969271387355908
1583,0.6808404326438904,1.3869732189489743
1584,0.6816918849945068,1.3798800190603822
1585,0.6802130341529846,1.3933593487252705
1586,0.6805416345596313,1.3824597063339952
1587,0.6820205450057983,1.3881554663445748
1588,0.680138349533081,1.3810095569404084
1589,0.6802951693534851,1.3853595241882668
1590,0.6792644262313843,1.382049006396323
1591,0.6816097497940063,1.3834799888120006
1592,0.6812288165092468,1.3792822596105925
1593,0.6821475028991699,1.383948544093439
1594,0.681841254234314,1.3835828063265163
1595,0.6802428960800171,1.3834799553764865
1596,0.6831035614013672,1.372847619884113
1597,0.680661141872406,1.3776004867721956
1598,0.6824238300323486,1.3790834244900652
1599,0.6816470623016357,1.3761370622472255
