Epoch,accuracy,loss
0,0.058781351894140200,9.032505129958650
1,0.06796827167272570,7.0659082287582300
2,0.06833425164222720,6.93023261289826
3,0.06836412847042080,6.868122736140460
4,0.06837906688451770,6.792945069158240
5,0.06837160140275960,6.758008137019660
6,0.06837160140275960,6.733738107292210
7,0.06981312483549120,6.705251492207880
8,0.07577341794967650,6.6672412526619400
9,0.08049385249614720,6.628280909518770
10,0.08201754093170170,6.591406443266390
11,0.08427318930625920,6.5576560192097600
12,0.08690975606441500,6.523063596999530
13,0.089867502450943,6.492043940032970
14,0.09204845875501630,6.463341098112870
15,0.09462527930736540,6.433365013595020
16,0.09638797491788860,6.404879576731470
17,0.09918886423110960,6.378474401843230
18,0.10100384056568100,6.347018890569760
19,0.10330430418252900,6.323630500950620
20,0.10522384941577900,6.299056074146070
21,0.10607531666755700,6.274526931044180
22,0.10764381289482100,6.247157611658590
23,0.10834590345621100,6.223831848196220
24,0.10993681102991100,6.199863891257660
25,0.11229702830314600,6.17463477984924
26,0.1139252781867980,6.148123978004980
27,0.11679339408874500,6.120437352655860
28,0.11816022545099300,6.093338280806250
29,0.12127481400966600,6.063935000388260
30,0.12355287373065900,6.035810316545480
31,0.12708573043346400,6.00457492198864
32,0.1291845291852950,5.971377540781160
33,0.13200782239437100,5.937821151375310
34,0.13444273173809100,5.908899164191990
35,0.13548092544078800,5.877361921200420
36,0.1378859579563140,5.847513386929090
37,0.14041796326637300,5.818190800624200
38,0.1416279524564740,5.788737876295980
39,0.1430993527174000,5.760530971567960
40,0.14553426206111900,5.73083877127547
41,0.14681893587112400,5.7069302391749800
42,0.14755089581012700,5.675211539283520
43,0.14869366586208300,5.648215538410860
44,0.14962729811668400,5.622998336384950
45,0.1506654918193820,5.594485414930480
46,0.15234602987766300,5.5677618322453200
47,0.15387718379497500,5.537784434197550
48,0.15389958024025000,5.513960239854940
49,0.1551767885684970,5.487780100514720
50,0.15673035383224500,5.458980756698980
51,0.15800009667873400,5.432747023848160
52,0.15912044048309300,5.406882120981260
53,0.1601586490869520,5.379870152926830
54,0.1602930873632430,5.356705657069230
55,0.16256366670131700,5.326791193698130
56,0.1629669964313510,5.306682088228610
57,0.16327323019504500,5.284719671216600
58,0.164296492934227,5.2579691083865400
59,0.16931568086147300,5.1580250084176700
60,0.17086924612522100,5.134747394681260
61,0.1710260957479480,5.111707446947090
62,0.17184022068977400,5.095008769194250
63,0.17266929149627700,5.065435958959630
64,0.1737971156835560,5.0435701410085500
65,0.1746261715888980,5.02048761070397
66,0.17547763884067500,4.997911449877880
67,0.1776212602853780,4.97951487474285
68,0.17709842324256900,4.95707740068254
69,0.1783980429172520,4.934313377697890
70,0.17915987968444800,4.913193820177930
71,0.1805192530155180,4.892296953702610
72,0.18183380365371700,4.867880059412590
73,0.1823715716600420,4.851392333149210
74,0.18290187418460800,4.830663063726920
75,0.18377575278282200,4.807382385013770
76,0.18569529056549100,4.788532992846590
77,0.18607620894908900,4.766932771946090
78,0.18709200620651200,4.748669947970710
79,0.188077911734581,4.723512995622910
80,0.18787625432014500,4.709182759601190
81,0.18921321630477900,4.688283757227630
82,0.190714493393898,4.669643585895220
83,0.19118504226207700,4.648226911279450
84,0.19247718155384100,4.631666954312
85,0.1931045800447460,4.610256830763390
86,0.19334359467029600,4.598318843221280
87,0.19578596949577300,4.575190962065220
88,0.19745902717113500,4.559957523112880
89,0.1978026032447820,4.541530906125700
90,0.19907234609127000,4.521778987965270
91,0.20037195086479200,4.501713345893220
92,0.20106658339500400,4.486697183355460
93,0.20243340730667100,4.46641096029465
94,0.20332969725132000,4.449093082143
95,0.20409901440143600,4.43190335146853
96,0.2056824415922170,4.419995569722300
97,0.20635466277599300,4.398724633197160
98,0.20769909024238600,4.379653874149920
99,0.20816217362880700,4.3649837104252400
100,0.21044021844863900,4.344903007050200
101,0.21157552301883700,4.337838753817260
102,0.21294234693050400,4.317441170749440
103,0.21261371672153500,4.301624422898350
104,0.2155938595533370,4.285569591407390
105,0.21586275100708000,4.2721543667084700
106,0.21667687594890600,4.254202586895820
107,0.21777482330799100,4.24333327835473
108,0.21902215480804400,4.226826446059890
109,0.2206728160381320,4.210966484844010
110,0.2224579155445100,4.198304977251450
111,0.22339901328086900,4.182625040180230
112,0.22355586290359500,4.167328399373400
113,0.22593848407268500,4.147906291018810
114,0.226976677775383,4.139891954460780
115,0.2288738191127780,4.1272844166886200
116,0.22930702567100500,4.11113549477615
117,0.2314506322145460,4.09489400239043
118,0.23261581361293800,4.081771296064990
119,0.23295190930366500,4.0706628403796800
120,0.2353718876838680,4.05444433300093
121,0.23629803955555000,4.042203090467370
122,0.23709723353385900,4.029095298439770
123,0.2392856627702710,4.018761017209890
124,0.23991306126117700,4.0022183512896300
125,0.2404433637857440,3.991800121625460
126,0.24105581641197200,3.97957949544129
127,0.24323678016662600,3.963924256092370
128,0.24611982703208900,3.9517186823038400
129,0.24567915499210400,3.9400664873757000
130,0.24727006256580400,3.926969613496560
131,0.24901781976223000,3.922566856689830
132,0.24934646487236000,3.9027939655048400
133,0.25051161646843000,3.8957153048454800
134,0.2515498399734500,3.88032237197686
135,0.25267764925956700,3.8757892655184500
136,0.2531108558177950,3.862378976831670
137,0.2556876838207250,3.851564114570630
138,0.25494077801704400,3.8388466752430400
139,0.2572561800479890,3.8312854342206100
140,0.2586080729961400,3.8142892883382500
141,0.2598031163215640,3.804050101193640
142,0.2603558301925660,3.7976147213805300
143,0.2602512538433080,3.7901014692495600
144,0.26262640953064000,3.7744297090918800
145,0.2629326581954960,3.767728696221250
146,0.26520323753356900,3.7508802546856200
147,0.26571112871170000,3.745138093571610
148,0.32240861654281600,3.747253092902040
149,0.3268527090549470,3.70141921499555
150,0.32963865995407100,3.672573133071480
151,0.3332686126232150,3.6468663371133000
152,0.33494165539741500,3.6270995468625600
153,0.3373467028141020,3.6074709079428100
154,0.3398488163948060,3.5893527075136100
155,0.33908697962760900,3.580830794821160
156,0.3416936695575710,3.5677618562463800
157,0.34374767541885400,3.552774664840790
158,0.3452937602996830,3.540477604444560
159,0.3463917076587680,3.526139076725200
160,0.3472282290458680,3.5237678681661000
161,0.34835606813430800,3.5143617507282200
162,0.3507610857486730,3.502267856820710
163,0.3491925895214080,3.499147880718970
164,0.3526582419872280,3.486340360136600
165,0.3525238037109380,3.478360051408430
166,0.3531213104724880,3.4781512223048200
167,0.3531586527824400,3.4669353609354500
168,0.3540848195552830,3.464341629777180
169,0.35622096061706500,3.4559527373749500
170,0.35802099108696000,3.4446694889136700
171,0.3586558699607850,3.437068658835740
172,0.36010485887527500,3.426924067530970
173,0.35960444808006300,3.421732677164800
174,0.36051565408706700,3.41503625806242
175,0.3617405891418460,3.410134249232280
176,0.36370494961738600,3.401054339874510
177,0.3655199110507970,3.3951951228348700
178,0.36433979868888900,3.389171785793510
179,0.36563941836357100,3.3793143855284800
180,0.3667597770690920,3.37719500177928
181,0.36637139320373500,3.3737200871062100
182,0.36862704157829300,3.365212861543850
183,0.3695307970047000,3.361767318680650
184,0.36880630254745500,3.3539907541511900
185,0.3689407408237460,3.347410135589840
186,0.3717864453792570,3.3401693593750000
187,0.37207773327827500,3.3367035724548200
188,0.37014326453208900,3.3371415703635300
189,0.37272754311561600,3.3270127909370400
190,0.3733624219894410,3.3214282563615800
191,0.37461721897125200,3.317978429083430
192,0.37574502825737,3.312930081463100
193,0.37551349401474,3.307689490570530
194,0.3755508363246920,3.302465558552460
195,0.37872517108917200,3.290139640924900
196,0.3791957199573520,3.2889017426073500
197,0.37830692529678300,3.2897748606769500
198,0.37835171818733200,3.2830356012358600
199,0.3804057240486150,3.2770514848182700
200,0.3798156678676610,3.2658721678461000
201,0.38071194291114800,3.264551452459750
202,0.3810555338859560,3.2603559777372800
203,0.3828480839729310,3.253061737195140
204,0.38485726714134200,3.2443945884362700
205,0.38374438881874100,3.2440342866881000
206,0.3846481442451480,3.2351507903224500
207,0.385118693113327,3.2381963953664100
208,0.38544732332229600,3.2334812192385600
209,0.38641083240509000,3.226385532120610
210,0.38752371072769200,3.2220286291867900
211,0.386530339717865,3.2157614977176000
212,0.3881361782550810,3.215987731559120
213,0.38857683539390600,3.209982729327820
214,0.3897719085216520,3.2039646947821800
215,0.3900258541107180,3.1983153407970400
216,0.3907802104949950,3.197072790537440
217,0.3909071981906890,3.186274082915000
218,0.39112380146980300,3.190998215953370
219,0.3929313123226170,3.18274647730857
220,0.39361098408699000,3.175224159793980
221,0.3931702971458440,3.1735147579238100
222,0.393962025642395,3.1685296632586
223,0.39471641182899500,3.1660955274628400
224,0.39554545283317600,3.1604577075725800
225,0.3955230712890630,3.156923964273500
226,0.3952317535877230,3.1564071823177600
227,0.39618781208992000,3.1530980561170400
228,0.394910603761673,3.157551994956680
229,0.39831647276878400,3.1394220217861000
230,0.39780110120773300,3.1383367657470900
231,0.3980998694896700,3.1344945833313800
232,0.4003704786300660,3.1207712906151300
233,0.39973559975624100,3.1275632216042400
234,0.40180450677871700,3.122696966528960
235,0.4016402065753940,3.1140779084354300
236,0.40088582038879400,3.113129531112210
237,0.40186426043510400,3.1106811362734800
238,0.4016402065753940,3.1111106277642900
239,0.4036419093608860,3.1011446404032900
240,0.4014161229133610,3.1058647018344200
241,0.40226760506629900,3.0978863588352500
242,0.4042842388153080,3.0912645670381900
243,0.4060693383216860,3.089318425355880
244,0.40508341789245600,3.08125331629299
245,0.4055539667606350,3.0794966772000300
246,0.40614402294158900,3.0795744183852600
247,0.4063606262207030,3.0766595584780000
248,0.406031996011734,3.077737515157490
249,0.4086536169052120,3.0651870274649500
250,0.40932583808898900,3.0641162202300700
251,0.4081980288028720,3.062903056297080
252,0.40898972749710100,3.056498190589620
253,0.4094752371311190,3.0512220116702200
254,0.41093167662620500,3.0490223336486500
255,0.4108569920063020,3.045803461863630
256,0.4110138416290280,3.0431837355369500
257,0.4111482799053190,3.03778201994544
258,0.41094663739204400,3.0385185841772000
259,0.41208192706108100,3.0321307590924800
260,0.41250765323638900,3.0242153194678200
261,0.41305288672447200,3.026637254310410
262,0.41264957189559900,3.0228928242279900
263,0.4136354923248290,3.017982187475260
264,0.41532349586486800,3.0148601021795200
265,0.4149649739265440,3.0136716372189300
266,0.4148828089237210,3.009264804719910
267,0.41586872935295100,3.00568471096216
268,0.4157417416572570,3.009671951991750
269,0.41707125306129500,3.002024820401070
270,0.4155176877975460,3.0037338007230600
271,0.4172728955745700,2.9994900457913500
272,0.418333500623703,2.9894773461964300
273,0.41776585578918500,2.9914910215270400
274,0.41849783062934900,2.9865844308134200
275,0.41780319809913600,2.9845068368589400
276,0.41978996992111200,2.973003743314310
277,0.4198646545410160,2.9743662435056900
278,0.4206862449646000,2.968645165755570
279,0.4204173684120180,2.963890623373560
280,0.42213526368141200,2.9638486989001100
281,0.4225759208202360,2.961837380491880
282,0.42209044098854100,2.9622675379399300
283,0.42185142636299100,2.959179591988680
284,0.42273277044296300,2.9509242426289000
285,0.4234049916267400,2.9507190177975000
286,0.42268049716949500,2.950208747226490
287,0.4247942268848420,2.941552322403020
288,0.4253842830657960,2.940207879832460
289,0.4241369664669040,2.943596238040600
290,0.425533652305603,2.9278640438963500
291,0.42624321579933200,2.929455410000130
292,0.4265270531177520,2.931069219005370
293,0.4257950782775880,2.9278485823822300
294,0.4262208044528960,2.9264822268210700
295,0.4270349442958830,2.9211923097945500
296,0.42817771434783900,2.9240376350156400
297,0.4279088079929350,2.9121360037870800
298,0.42850634455680800,2.9167311791282600
299,0.42873039841651900,2.9108942487428100
300,0.4290739893913270,2.909626237068550
301,0.4282449185848240,2.905730397351910
302,0.42937275767326400,2.901154711628180
303,0.4323080778121950,2.897218170163590
304,0.43112051486969000,2.896084351276990
305,0.4327711760997770,2.8840278454328900
306,0.43162092566490200,2.8892323575288300
307,0.43223339319229100,2.8844702007106600
308,0.4320242702960970,2.895868753999770
309,0.4320317208766940,2.8832662646768300
310,0.43227821588516200,2.8787718724123900
311,0.43434712290763900,2.879712193094470
312,0.4344741106033330,2.8706144091671400
313,0.4337272047996520,2.86557463329359
314,0.4351986050605770,2.869585542738810
315,0.43398115038871800,2.865950601417860
316,0.4351612627506260,2.8663166547369
317,0.4354376196861270,2.8616328867763600
318,0.4355645775794980,2.8574383682782500
319,0.43587827682495100,2.8540615671901900
320,0.43476539850235000,2.8596898491370500
321,0.4386194348335270,2.847910219925350
322,0.43706586956977800,2.846587791570800
323,0.4368193745613100,2.8451525021370100
324,0.4392617642879490,2.8369178567755300
325,0.43887338042259200,2.8392281738143200
326,0.43841028213501000,2.839171161152000
327,0.43756628036499000,2.83574055692249
328,0.4378799796104430,2.834842845625470
329,0.44093483686447100,2.8280712599864200
330,0.44112902879715000,2.8208123835087300
331,0.44076302647590600,2.8223394864689200
332,0.44006842374801600,2.820357752557190
333,0.4407256841659550,2.8251864304311800
334,0.4403148889541630,2.8230833970294600
335,0.4410169720649720,2.817499626402790
336,0.4409721791744230,2.813789978746490
337,0.4419655501842500,2.8066387167574300
338,0.44384029507637000,2.805393435096260
339,0.44218215346336400,2.8063116054874800
340,0.4417489469051360,2.8072037634298200
341,0.44425109028816200,2.8046266089961200
342,0.4434593617916110,2.7974920121818900
343,0.4432726204395290,2.797494600431870
344,0.44471415877342200,2.7951282722041800
345,0.44453489780426000,2.789915626481370
346,0.44476643204689000,2.7912549731134600
347,0.4455656409263610,2.784919988225250
348,0.44614073634147600,2.7817599362977900
349,0.44587185978889500,2.7826125713718400
350,0.44620048999786400,2.7785593859030300
351,0.44596895575523400,2.773677502057700
352,0.44771671295166000,2.772874034566010
353,0.4478362202644350,2.767768154123920
354,0.4471938908100130,2.770264511007390
355,0.44738808274269100,2.7670242174289700
356,0.4482918381690980,2.766630671266970
357,0.4474552869796750,2.760719835698550
358,0.449158251285553,2.7574820154043700
359,0.4488370716571810,2.7635773518507100
360,0.449158251285553,2.756110434336780
361,0.4499126076698300,2.7555594588267
362,0.45070433616638200,2.749838046222830
363,0.44965866208076500,2.7473643572752200
364,0.450263649225235,2.746635380736200
365,0.4503234028816220,2.7465302050385200
366,0.453258752822876,2.742063694844470
367,0.45295250415802,2.7384804322276800
368,0.4529898464679720,2.7390231137963600
369,0.4532811641693120,2.741239904725190
370,0.4530346691608430,2.7355425414339900
371,0.45260146260261500,2.7338143604652900
372,0.4532811641693120,2.72983093216345
373,0.4542446434497830,2.7251854540208600
374,0.45431187748909000,2.726477285831350
375,0.45389360189437900,2.7242579885780800
376,0.4536844789981840,2.722282997296770
377,0.4540579319000240,2.718293363288010
378,0.4551036059856420,2.7184983903413000
379,0.4552604556083680,2.7128098608924200
380,0.4540430009365080,2.714833138925470
381,0.4550513029098510,2.7146458788875300
382,0.4553276598453520,2.7109264452958900
383,0.45620155334472700,2.7033189372290700
384,0.4542371928691860,2.7097152895024400
385,0.45868873596191400,2.701234288523570
386,0.45776256918907200,2.7006445133609300
387,0.45779991149902300,2.700735695113530
388,0.45932361483573900,2.6966079560628000
389,0.45822566747665400,2.697428702809490
390,0.4600107669830320,2.690104315400330
391,0.4589725732803350,2.691329926782590
392,0.4600032866001130,2.6847843341446500
393,0.4591592848300930,2.681905544803350
394,0.4584273099899290,2.6871768238849200
395,0.4594879150390630,2.685796090575460
396,0.4596596956253050,2.681288375473130
397,0.4592115581035610,2.678713234083180
398,0.45964476466178900,2.678314622903790
399,0.4610564112663270,2.675191948725590
400,0.4612730145454410,2.669539335080560
401,0.4624008536338810,2.669558950829100
402,0.46121326088905300,2.6681314716471900
403,0.46306559443473800,2.664945383166490
404,0.46287885308265700,2.6620042413923200
405,0.46056345105171200,2.6697160044692700
406,0.4629909098148350,2.6614022928497800
407,0.46297597885131800,2.657374815188450
408,0.46264731884002700,2.667065121948990
409,0.4629386067390440,2.6609009419963700
410,0.4652092158794400,2.642265496582270
411,0.4650150239467620,2.641703226496400
412,0.4640515148639680,2.646900056597780
413,0.4656200110912320,2.64691172405006
414,0.4646565020084380,2.643980154876400
415,0.4666357934474950,2.6403767222928500
416,0.4657171070575710,2.642295934809810
417,0.4650971591472630,2.6411871035458100
418,0.46761423349380500,2.6348016485290300
419,0.4665760397911070,2.637909222024550
420,0.466434121131897,2.6378700829381400
421,0.4680250287055970,2.627166989549730
422,0.46739017963409400,2.629561191866440
423,0.46850305795669600,2.624937198146520
424,0.46683746576309200,2.625668001636500
425,0.467838317155838,2.627268224736020
426,0.4685628116130830,2.6213067732875500
427,0.46978771686554000,2.618001495625620
428,0.46825656294822700,2.622587645764210
429,0.47011637687683100,2.6161227784525000
430,0.46848064661026,2.622209285679360
431,0.468301385641098,2.62159614718769
432,0.4701313078403470,2.611964914915310
433,0.46983253955841100,2.612019282606940
434,0.4710649251937870,2.606922712171200
435,0.46933212876319900,2.6077878167046800
436,0.4704674184322360,2.6128202565600300
437,0.4715728163719180,2.6042448467779000
438,0.4690632224082950,2.6169180801675000
439,0.4734102189540860,2.5945436050086900
440,0.4720732569694520,2.5935833795396600
441,0.4724392294883730,2.593846927507510
442,0.4718043804168700,2.5960553775933400
443,0.4718043804168700,2.601547261034340
444,0.47219276428222700,2.5969757577807100
445,0.473402738571167,2.5898461071966200
446,0.47407495975494400,2.587320127391450
447,0.4725363254547120,2.589335430416880
448,0.47296208143234300,2.58287217736595
449,0.47476211190223700,2.5854356474322400
450,0.4742019474506380,2.5825805225212500
451,0.4735147953033450,2.5769699778724300
452,0.476733922958374,2.5762368482707400
453,0.47712233662605300,2.5738105976041800
454,0.47453057765960700,2.578377824075180
455,0.4754791259765630,2.5734789796878000
456,0.47541937232017500,2.575034807227080
457,0.47559118270874000,2.5709772517137900
458,0.4739106297492980,2.573678612903150
459,0.4767264723777770,2.5679910973324600
460,0.47752565145492600,2.5637769245822500
461,0.4767787456512450,2.56959169717628
462,0.47704017162323,2.5675107557099800
463,0.477450966835022,2.5601849676419700
464,0.4772343635559080,2.557822579451990
465,0.477450966835022,2.558122841523300
466,0.47744348645210300,2.5596946581084900
467,0.479086697101593,2.5531199414353700
468,0.4798186421394350,2.549948264337940
469,0.47891488671302800,2.552759574041330
470,0.4795721769332890,2.5507082279056500
471,0.47881779074668900,2.5547364021069500
472,0.4794377386569980,2.5483736163046300
473,0.48015475273132300,2.5445014141965100
474,0.4814319610595700,2.5398519873759800
475,0.47950494289398200,2.545374540140620
476,0.48084190487861600,2.5509760693275900
477,0.47984105348587000,2.548220227749550
478,0.481192946434021,2.5325855681839300
479,0.4806551933288570,2.540285677491940
480,0.48173820972442600,2.536436855768960
481,0.48167845606803900,2.537405842257990
482,0.4814170300960540,2.5340539889178000
483,0.4810659885406490,2.532768391505810
484,0.48259714245796200,2.532358225578310
485,0.48265689611434900,2.529025345125860
486,0.4826643466949460,2.521604451194650
487,0.4821191132068630,2.527220082343920
488,0.4849349558353420,2.518943153864320
489,0.48252245783805800,2.5276387574352400
490,0.4835008978843690,2.519245070904540
491,0.48356810212135300,2.521326293873090
492,0.48370254039764400,2.519811943459440
493,0.4842029809951780,2.5166989592123400
494,0.48273158073425300,2.5209664154360400
495,0.4839564859867100,2.5127567887072900
496,0.48444199562072800,2.518374636002900
497,0.48551005125045800,2.5147108842204600
498,0.48546525835990900,2.509911546864860
499,0.48642876744270300,2.5091040597355800
500,0.4856295585632320,2.5022534931973700
501,0.48398637771606400,2.5099239509633500
502,0.48542043566703800,2.510975724939230
503,0.48733997344970700,2.5002017570436200
504,0.4873324930667880,2.494898045118040
505,0.4868694245815280,2.5008814125808400
506,0.4866752326488500,2.498233155581810
507,0.4857938885688780,2.499484531128980
508,0.4871383011341100,2.49946617029848
509,0.4873773157596590,2.492912779866840
510,0.48785534501075700,2.4949607913833800
511,0.48795244097709700,2.4865757124781900
512,0.4887889623641970,2.487091615754460
513,0.48882630467414900,2.4878226839470200
514,0.4904022812843320,2.4842744944294800
515,0.49048444628715500,2.485305438792380
516,0.4901781976222990,2.4788990926267400
517,0.48910266160965000,2.485845823617620
518,0.48832589387893700,2.4837929372009800
519,0.49002882838249200,2.475625172882690
520,0.4904172122478490,2.4695932368453800
521,0.49039480090141300,2.476554819697160
522,0.4911940097808840,2.4716949792544600
523,0.49265044927597000,2.4717134085088000
524,0.4912911057472230,2.4688236455128300
525,0.49178406596183800,2.4708733812626500
526,0.4903574585914610,2.4725367270975800
527,0.4911865293979650,2.471690252249890
528,0.4927102029323580,2.466239951886080
529,0.4930762052536010,2.4630374135847600
530,0.4916122555732730,2.4637570279055900
531,0.49375587701797500,2.45806163076721
532,0.4918811619281770,2.461581544969550
533,0.4916570782661440,2.4628605685420600
534,0.49371105432510400,2.459927483875590
535,0.49436086416244500,2.4567294377110900
536,0.49250856041908300,2.4587384094683400
537,0.49366626143455500,2.44803421301426
538,0.4922994077205660,2.462273352627990
539,0.4946073591709140,2.4520884120157900
540,0.4952123463153840,2.44828219529008
541,0.4943758249282840,2.4500962954580500
542,0.4955185651779180,2.449135250430720
543,0.49482396245002700,2.44544889108011
544,0.49559327960014300,2.44316578667843
545,0.49595925211906400,2.4420895148525300
546,0.49541401863098100,2.4405711203194300
547,0.49592190980911300,2.4371008014731700
548,0.4974231719970700,2.437078183633580
549,0.49702730774879500,2.4357017177506400
550,0.4979684352874760,2.435449642758480
551,0.4956530034542080,2.4405459340675100
552,0.4966837465763090,2.4353788219803100
553,0.49670615792274500,2.4339118272490400
554,0.49595925211906400,2.436045770508520
555,0.49720656871795700,2.4295173770698300
556,0.4972289800643920,2.428465380086050
557,0.49757257103920000,2.432109221568320
558,0.49753522872924800,2.4291746411398300
559,0.4981999695301060,2.427004099583150
560,0.49740076065063500,2.4224348109159100
561,0.49731114506721500,2.4257484726505300
562,0.4982895851135250,2.423450563713370
563,0.49730366468429600,2.4333054549151700
564,0.5005527138710020,2.41519027338737
565,0.4993501901626590,2.420308798045380
566,0.49869292974472000,2.415468279935710
567,0.4996340274810790,2.4109558622465600
568,0.49985063076019300,2.4193765989843000
569,0.4996190667152410,2.410587226055420
570,0.5021884441375730,2.4129016199903000
571,0.49979087710380600,2.4097552921803200
572,0.500717043876648,2.40958114514286
573,0.5009336471557620,2.4108693786644900
574,0.4999925196170810,2.4078786837738200
575,0.5001792311668400,2.410524727432990
576,0.5012996196746830,2.4040712119626800
577,0.5018523335456850,2.409193353543400
578,0.5022631287574770,2.4019299625732500
579,0.5021958947181700,2.397157404564260
580,0.5032490491867070,2.3949755698564000
581,0.5019046068191530,2.404339833249820
582,0.5035776495933530,2.394644858353010
583,0.500761866569519,2.4010137853667600
584,0.5024423599243160,2.3921166411606200
585,0.5038465857505800,2.3936749689377000
586,0.5039063096046450,2.3928213615091800
587,0.5028083324432370,2.392809310542150
588,0.5034058690071110,2.394582441456690
589,0.5034731030464170,2.388456035935010
590,0.503794252872467,2.38742035262933
591,0.5042722821235660,2.3852060012037600
592,0.5035776495933530,2.3895294741652000
593,0.5042722821235660,2.383779397884160
594,0.5055719017982480,2.383919899498880
595,0.5048996806144710,2.3847073734429000
596,0.5045710802078250,2.3815850917509100
597,0.5039137601852420,2.385870391940070
598,0.5071926712989810,2.37268657358305
599,0.5065802335739140,2.370362994729380
600,0.5046382546424870,2.3784444159211200
601,0.5074914693832400,2.3784380626071600
602,0.5056689977645870,2.3723826630055
603,0.5062441229820250,2.375631363681820
604,0.5064009428024290,2.371776046255460
605,0.50696861743927,2.3690655144788500
606,0.5066399574279790,2.3685341527477900
607,0.507028341293335,2.3676654458724400
608,0.5068715214729310,2.3627658260218900
609,0.5077603459358220,2.365334508826580
610,0.5083130598068240,2.3672817863191500
611,0.5062590837478640,2.368963457486950
612,0.5079843997955320,2.3610382400757000
613,0.5081785917282100,2.362198502400960
614,0.50809645652771,2.365352830626420
615,0.5089927315711980,2.355231045237780
616,0.509381115436554,2.354205963974630
617,0.5092690587043760,2.3567279370028400
618,0.5093362927436830,2.3533255687124000
619,0.5103595852851870,2.354686981676160
620,0.5099338293075560,2.348264469172340
621,0.511016845703125,2.34356032884764
622,0.5092018842697140,2.349616186232350
623,0.510247528553009,2.349367340961970
624,0.5091645121574400,2.349283790673140
625,0.5106209516525270,2.351247559485130
626,0.5126824378967290,2.3353643347160900
627,0.5116965174674990,2.3412726311335800
628,0.511584460735321,2.343311067752440
629,0.512353777885437,2.3428843047356300
630,0.511786162853241,2.338326771946000
631,0.5122268199920650,2.3340199940725600
632,0.5109794735908510,2.342936431336060
633,0.5125330686569210,2.3364801906612300
634,0.5116741061210630,2.33596353481165
635,0.5125255584716800,2.3340661767125900
636,0.5124732851982120,2.332635612862320
637,0.5129961371421810,2.3266373321167100
638,0.5109869837760930,2.3406303739703700
639,0.5133322477340700,2.3307684396637200
640,0.5121521353721620,2.331687162570760
641,0.5134367942810060,2.3303300655271200
642,0.5131006836891170,2.331158252291850
643,0.5127496719360350,2.3267841770375300
644,0.513421893119812,2.3245515031211800
645,0.5132127404212950,2.329307154224560
646,0.5119504928588870,2.328844086176470
647,0.5145198106765750,2.3219204511409200
648,0.5153040885925290,2.319911649791540
649,0.5143106579780580,2.3202496323581900
650,0.5138027667999270,2.3231640020726100
651,0.5149978399276730,2.317562611620940
652,0.5144600868225100,2.3200115376028200
653,0.5149828791618350,2.310114497790680
654,0.5154310464859010,2.3139469773790400
655,0.5160360336303710,2.314303515690850
656,0.5166036486625670,2.3171978532122100
657,0.5145646333694460,2.3172713613074900
658,0.5155580043792730,2.3120008047186600
659,0.5149231553077700,2.3118871746368400
660,0.517216145992279,2.3094463151579300
661,0.5153040885925290,2.3101093617958400
662,0.5173729658126830,2.3116105668455000
663,0.5183888077735900,2.303903333440190
664,0.5162675976753240,2.3110087215513100
665,0.5166186094284060,2.3061196816155800
666,0.519322395324707,2.301687882987700
667,0.5196360945701600,2.303375301096390
668,0.5178435444831850,2.3021709500212800
669,0.515221893787384,2.3072354263238800
670,0.5179256796836850,2.2980575995387300
671,0.5191580653190610,2.2985015101804800
672,0.5174476504325870,2.304965235378050
673,0.5185306668281560,2.2972698682288700
674,0.5174327492713930,2.2990101815381200
675,0.5183140635490420,2.29580198395194
676,0.5200319886207580,2.2952830310490600
677,0.519322395324707,2.297156894327910
678,0.5183663964271550,2.294986556838990
679,0.5189937949180600,2.2989255547988300
680,0.5196211934089660,2.2906331847032900
681,0.5197556018829350,2.288731112332080
682,0.5203531384468080,2.2849325563244400
683,0.5200319886207580,2.2892231393212600
684,0.520554780960083,2.2887131515097100
685,0.521787166595459,2.2826375703343100
686,0.5205771923065190,2.282618303144240
687,0.5196136832237240,2.284333488784950
688,0.521622896194458,2.2841935502744300
689,0.5200244784355160,2.282572083510740
690,0.5218319892883300,2.272376075914330
691,0.5211747288703920,2.277224289997520
692,0.5231689810752870,2.2747522863985500
693,0.5219590067863460,2.2695800905354600
694,0.5211896896362310,2.2732079549812500
695,0.5228776931762700,2.2690573297591800
696,0.5213539600372310,2.275995489295310
697,0.5215705633163450,2.2776190723689100
698,0.5227282643318180,2.27300029708225
699,0.5219290852546690,2.2737902195829100
700,0.5218619108200070,2.2731695342455300
701,0.522803008556366,2.2738124282968800
702,0.5216079354286190,2.275495685650020
703,0.5242519974708560,2.2612855037023700
704,0.5222129225730900,2.268139422304020
705,0.5242519974708560,2.2575792255181900
706,0.5230569243431090,2.266624778628010
707,0.5238112807273870,2.26460950288379
708,0.5236693620681760,2.265755848495450
709,0.5253275036811830,2.256943358519950
710,0.5231465697288510,2.2655470977879400
711,0.5246328711509710,2.2568658003147400
712,0.5258578062057500,2.2636506418209300
713,0.5245208740234380,2.255097316993640
714,0.5236917734146120,2.2593611391495000
715,0.5261939167976380,2.2508785354634000
716,0.5266793966293340,2.252212359099170
717,0.5250735878944400,2.256261604893540
718,0.5271723866462710,2.2529890055958700
719,0.5241623520851140,2.251253025968020
720,0.5250959992408750,2.2531757323395000
721,0.5250810384750370,2.2506300211576000
722,0.5272918939590450,2.2478219682470900
723,0.5266122221946720,2.2462089113236600
724,0.5265076160430910,2.2497647032287500
725,0.5270977020263670,2.2394736407486700
726,0.5267242193222050,2.250688378623510
727,0.5276280045509340,2.243615537342730
728,0.5268810987472530,2.2410184666290700
729,0.5270230174064640,2.2544904525686400
730,0.5269781947135930,2.2425604882998300
731,0.5270304679870610,2.249623452381430
732,0.5275906324386600,2.2388682605748600
733,0.5281956195831300,2.2313250491939800
734,0.5287333726882940,2.2416362281219100
735,0.5276653170585630,2.2362062239485600
736,0.5282703042030330,2.2452500667506200
737,0.5291591286659240,2.235162274463500
738,0.5293981432914730,2.2422980020270700
739,0.5284869074821470,2.233169155086090
740,0.5289574861526490,2.233017929603630
741,0.528232991695404,2.2310992936427100
742,0.529876172542572,2.2285228119331300
743,0.529988169670105,2.228137608836520
744,0.5291292667388920,2.2288894858855400
745,0.5297939777374270,2.2274137697276400
746,0.529988169670105,2.231579897232520
747,0.5293458700180050,2.2325835350696200
748,0.5284570455551150,2.2299033228223400
749,0.5313624739646910,2.223576223041960
750,0.5303990244865420,2.2264727009134600
751,0.53059321641922,2.2270191436320100
752,0.5297790765762330,2.2262415604636700
753,0.5294355154037480,2.220111208205070
754,0.5301524996757510,2.220186434585910
755,0.5317956805229190,2.2235473119854400
756,0.5326023697853090,2.2192185760860400
757,0.5327666997909550,2.2154410823331800
758,0.5310189127922060,2.225206446067470
759,0.5332297682762150,2.2171568432050600
760,0.5305184721946720,2.217503298764770
761,0.5333791375160220,2.2077786601882800
762,0.5318927764892580,2.220025265136520
763,0.5319973826408390,2.213777377604260
764,0.533207356929779,2.2125049773371300
765,0.5330281257629400,2.204708685605050
766,0.5332820415496830,2.214140248291880
767,0.5341708660125730,2.2064031330960700
768,0.5321841239929200,2.2120596020325300
769,0.5316612720489500,2.209653393876760
770,0.5330728888511660,2.206967779553760
771,0.5352687835693360,2.2048233926038900
772,0.5340065360069280,2.206141133600670
773,0.5333865880966190,2.205904396879930
774,0.5345368385314940,2.2011988359305200
775,0.5342679619789120,2.205212616976390
776,0.5345293879508970,2.2028796281695300
777,0.5349476337432860,2.2003756287459700
778,0.5343053340911870,2.2032312052750300
779,0.5339841246604920,2.203075829351170
780,0.5342978239059450,2.1973396940875100
781,0.5350521802902220,2.1934480528963000
782,0.5354331135749820,2.1959370641348100
783,0.5354853868484500,2.194356507994870
784,0.5354704856872560,2.1955653970720200
785,0.5358663201332090,2.190366916065430
786,0.5350745916366580,2.1913517429711700
787,0.5362322926521300,2.1904403293745200
788,0.53643399477005,2.1911756979162500
789,0.5345069766044620,2.201975987500080
790,0.5372481346130370,2.1825150126432800
791,0.5360007882118230,2.1874796607009500
792,0.5367850065231320,2.1883024604943500
793,0.5377410650253300,2.1800196729573200
794,0.5357095003128050,2.1891005010651700
795,0.5371883511543270,2.186365216768770
796,0.5375020503997800,2.1852641841247400
797,0.537666380405426,2.1760812843942700
798,0.5351791977882390,2.1870344973065600
799,0.5369194746017460,2.1806525076806600
800,0.5387269854545590,2.178103375163840
801,0.5377634763717650,2.1797767684847300
802,0.5391900539398190,2.1777794137130700
803,0.5364862680435180,2.1820003397283900
804,0.5377485156059270,2.1753847069645800
805,0.5382788181304930,2.1777651260533200
806,0.5386373400688170,2.1793049629119600
807,0.5381966829299930,2.1719976748905600
808,0.5374647378921510,2.1777737819836700
809,0.539205014705658,2.1730868421973400
810,0.5392274260520940,2.169132603840110
811,0.5388539433479310,2.1663825339626200
812,0.5406689047813420,2.1670858224748200
813,0.5397801399230960,2.1719460649165400
814,0.5386523008346560,2.173592017239460
815,0.5402880311012270,2.1726566825055400
816,0.5416921973228460,2.1622881848706400
817,0.540893018245697,2.1609693648341700
818,0.5401685237884520,2.1648922369360200
819,0.539720356464386,2.1644652473854100
820,0.5397577285766600,2.167197032794870
821,0.5408855080604550,2.1633894427627600
822,0.5408257842063900,2.1671318634056800
823,0.5402656197547910,2.1653954066878100
824,0.5389435887336730,2.1658964172846400
825,0.540945291519165,2.158546329390480
826,0.5419909358024600,2.15806790800576
827,0.5406913161277770,2.1595234146818800
828,0.5407735109329220,2.1622312109362400
829,0.5420656204223630,2.1567008147655600
830,0.5410872101783750,2.1526657756064500
831,0.541774332523346,2.160745763754470
832,0.5442092418670650,2.142783687780110
833,0.5424540042877200,2.1550960888375500
834,0.5416921973228460,2.153518634525350
835,0.5430739521980290,2.1489413781622900
836,0.5438283085823060,2.150696296996620
837,0.540893018245697,2.15290415623403
838,0.5427528023719790,2.158356233719630
839,0.5438806414604190,2.151390903529540
840,0.5439029932022100,2.145446421402260
841,0.5395858883857730,2.157505171902620
842,0.5438582301139830,2.1487944952507800
843,0.5440972447395330,2.1441893987007600
844,0.5432308316230770,2.14096123145105
845,0.5416025519371030,2.1479192864928200
846,0.5435594320297240,2.1459316912371700
847,0.5441644191741940,2.1367716528044000
848,0.544941246509552,2.1379940036648700
849,0.5428647994995120,2.1447474641745600
850,0.5447395443916320,2.145765503907050
851,0.5429768562316900,2.146885406119240
852,0.5449038743972780,2.1396526379522100
853,0.5441121459007260,2.1406000750672100
854,0.5451653003692630,2.137263001103940
855,0.5449038743972780,2.132648468341680
856,0.5450233817100530,2.137126642754160
857,0.5448291897773740,2.137851162586320
858,0.5456209182739260,2.135892966792150
859,0.5450682044029240,2.1375373183168200
860,0.5458599328994750,2.133709863019910
861,0.5450756549835210,2.1290508211420300
862,0.5483620166778560,2.1241670829719200
863,0.5463603138923650,2.1295824453639600
864,0.5466068387031560,2.133579104207000
865,0.548795223236084,2.1166764927685400
866,0.5475703477859500,2.123317239542480
867,0.5474881529808040,2.1259476778414400
868,0.5471371412277220,2.1271497870382700
869,0.5453819036483770,2.128221786355370
870,0.5462034940719600,2.1249256750638500
871,0.5461586713790890,2.1273121753489100
872,0.5482200980186460,2.118963333179350
873,0.5472416877746580,2.124927097750670
874,0.5476226210594180,2.1291158008484300
875,0.5462483167648320,2.130379611137370
876,0.5477421283721920,2.1287129684247000
877,0.5492583513259890,2.1107770196156700
878,0.5462034940719600,2.129721021156460
879,0.5484442114830020,2.119492033229080
880,0.5487728118896480,2.119564440830110
881,0.5475479364395140,2.126638399914120
882,0.5470176339149480,2.119506245238670
883,0.5487803220748900,2.118466914940400
884,0.5510434508323670,2.11137580234961
885,0.5478914976120000,2.1182546950632400
886,0.5493853092193600,2.112500201772000
887,0.5493106245994570,2.112216154204820
888,0.5481529235839840,2.1172999326466500
889,0.5488400459289550,2.1103801917515500
890,0.5493778586387630,2.1115341516711600
891,0.5496915578842160,2.107629962357310
892,0.550684928894043,2.11167962927961
893,0.5494226217269900,2.1085969880642900
894,0.5497587323188780,2.1082578382320700
895,0.5506923794746400,2.1077845502280400
896,0.5512600541114810,2.1039436763632500
897,0.5491014719009400,2.11095039942419
898,0.5489296913146970,2.107875983437940
899,0.5506774187088010,2.1071260218809600
900,0.5490043759346010,2.108879935448850
901,0.5519770383834840,2.095830659956940
902,0.550684928894043,2.1005265864280600
903,0.5513123273849490,2.0964598798659900
904,0.5504533648490910,2.1041884242303200
905,0.5507446527481080,2.09869363676463
906,0.5511778593063350,2.1007470953281600
907,0.5525521636009220,2.096794510276610
908,0.5507446527481080,2.0957223710382300
909,0.5522459149360660,2.0984494509475500
910,0.5504459142684940,2.0979077786092800
911,0.5528285503387450,2.093450673660080
912,0.551917314529419,2.0924671686858700
913,0.5527389049530030,2.0929860795414800
914,0.551147997379303,2.0963826762310900
915,0.5529928207397460,2.0934810511744600
916,0.5524998903274540,2.0917175888789000
917,0.5527015328407290,2.0928682276597300
918,0.5520069599151610,2.096522755617380
919,0.5543298125267030,2.0876119549981800
920,0.5532094240188600,2.0894937107037800
921,0.5538741946220400,2.083401956298660
922,0.5533438920974730,2.089762599767080
923,0.5513197779655460,2.0915315906683400
924,0.5539862513542180,2.0888041129483400
925,0.5545762777328490,2.0827111690253100
926,0.5535604953765870,2.089345059969590
927,0.555248498916626,2.0769146833674400
928,0.5536501407623290,2.083594791181480
929,0.5543298125267030,2.0849381873287200
930,0.5550767183303830,2.0795155853768100
931,0.5539787411689760,2.0864649252370600
932,0.5549870729446410,2.086807800764260
933,0.5542327165603640,2.0780598590530800
934,0.5561447739601140,2.082741274628610
935,0.5555920600891110,2.07018437124215
936,0.5560178160667420,2.079763092362950
937,0.5568020343780520,2.071031551127590
938,0.5540907979011540,2.0819822755871500
939,0.5549870729446410,2.0809349386193800
940,0.5542476177215580,2.078250900114160
941,0.55653315782547,2.075496094187630
942,0.5563464164733890,2.0792006766288800
943,0.5548227429389950,2.075312546846900
944,0.5546883344650270,2.073731947829870
945,0.5570261478424070,2.0740373130196800
946,0.5555696487426760,2.069586310411520
947,0.5550767183303830,2.0755992431920400
948,0.5567198991775510,2.0718364930763000
949,0.5559655427932740,2.068163258910110
950,0.5554800629615780,2.0698831373434700
951,0.5579074621200560,2.0647862504563300
952,0.5559954047203060,2.064255015557990
953,0.5560327172279360,2.0733116561378600
954,0.556122362613678,2.0692974839520300
955,0.5569813251495360,2.063519196256520
956,0.558221161365509,2.06140551573061
957,0.5555173754692080,2.067096554153680
958,0.5577730536460880,2.06165342925136
959,0.5586767792701720,2.0578053342735600
960,0.5584303140640260,2.0602225741545400
961,0.5580269694328310,2.0588647142555000
962,0.5572576522827150,2.0683930221785700
963,0.5575340390205380,2.0651630560070300
964,0.5577879548072820,2.065986176887140
965,0.5574817657470700,2.055448748726590
966,0.5586394667625430,2.059869433974380
967,0.5598494410514830,2.0593699643957500
968,0.5592519044876100,2.0573950475002600
969,0.5595506429672240,2.052145928347020
970,0.5574518442153930,2.0614252993868300
971,0.5608353614807130,2.0508871891336100
972,0.5587141513824460,2.0506170216355700
973,0.558527410030365,2.059030044763170
974,0.5587066411972050,2.057231010962660
975,0.5602079629898070,2.048637331610320
976,0.5600734949111940,2.054238602419980
977,0.5598718523979190,2.058201406259290
978,0.5597149729728700,2.0439284967798800
979,0.5590054392814640,2.0539001029384300
980,0.5615673065185550,2.0444577203262
981,0.5596328377723690,2.0416479027965900
982,0.5587813258171080,2.0470110989075700
983,0.5605365633964540,2.049410439120970
984,0.5598419308662420,2.044826332154780
985,0.5612685680389400,2.0485242742256500
986,0.5598718523979190,2.052072642942650
987,0.5601930022239690,2.044124825025730
988,0.5599988102912900,2.04494339640189
989,0.5607457160949710,2.0492851705954200
990,0.5614851713180540,2.041084158953540
991,0.5637333393096920,2.0356184225511300
992,0.5611863732337950,2.0459378240654900
993,0.5619706511497500,2.0441698596537400
994,0.5612685680389400,2.036564740598560
995,0.5619482398033140,2.045713242382850
996,0.5634046792984010,2.0396043990109700
997,0.5626727342605590,2.037323575612620
998,0.561096727848053,2.041342516121940
999,0.5614851713180540,2.034523847715950
1000,0.5625532269477840,2.038091015379810
1001,0.5620303750038150,2.04078295292729
1002,0.5632478594779970,2.0327531793191900
1003,0.5604394674301150,2.041344258903600
1004,0.5620677471160890,2.0423866101066200
1005,0.5652794241905210,2.0293019228437600
1006,0.5615523457527160,2.0382816937129200
1007,0.5636661052703860,2.0338933044739100
1008,0.5636436939239500,2.026229402713120
1009,0.5640171766281130,2.0262919634875800
1010,0.5627922415733340,2.0304798717582000
1011,0.5616644024848940,2.0413215271222100
1012,0.5639200806617740,2.02662356986465
1013,0.564681887626648,2.020903039820520
1014,0.5630984306335450,2.0243864464891200
1015,0.5637706518173220,2.0196398624290400
1016,0.5642337799072270,2.0233828159923100
1017,0.5645773410797120,2.0231630506513100
1018,0.5651225447654720,2.0198154405549400
1019,0.5653989315032960,2.021024895740430
1020,0.5648686289787290,2.023981862816240
1021,0.5656976699829100,2.0185739094232000
1022,0.5658321380615230,2.014726922151740
1023,0.5658171772956850,2.019434867269130
1024,0.5666686296463010,2.0185880560184200
1025,0.5654661655426030,2.022686298969490
1026,0.5641739964485170,2.023770545710420
1027,0.5650478601455690,2.019224976021670
1028,0.5641217231750490,2.020350907738330
1029,0.5654885768890380,2.018004467433810
1030,0.5650179982185360,2.022773548110150
1031,0.5647416710853580,2.02157053795835
1032,0.5644876956939700,2.0124205095141200
1033,0.5648536682128910,2.0180870919848500
1034,0.5653541088104250,2.0220081051283900
1035,0.5663997530937200,2.0076032197235200
1036,0.564674437046051,2.020480408698510
1037,0.5681027173995970,2.0096973276379800
1038,0.566369891166687,2.013013899031610
1039,0.5673931837081910,2.0145171974763900
1040,0.5655034780502320,2.01415787417644
1041,0.5669375658035280,2.004994753475780
1042,0.565959095954895,2.0143826934513900
1043,0.5674454569816590,2.0106685863601000
1044,0.5662055611610410,2.0101702652333300
1045,0.5687450766563420,2.0045915042763000
1046,0.5666313171386720,2.0099631784857700
1047,0.5690438151359560,1.9976550006422000
1048,0.5681027173995970,2.000738180576020
1049,0.5700521469116210,1.9986029432093500
1050,0.5682894587516790,2.0063444731627000
1051,0.5693724751472470,2.0010437844444000
1052,0.5674603581428530,2.003392077066780
1053,0.5696637630462650,2.00342030727003
1054,0.5684612393379210,2.001178933321080
1055,0.5682147741317750,2.0035263281333100
1056,0.5672064423561100,2.003599851717630
1057,0.5693276524543760,2.0004918644914500
1058,0.567654550075531,2.0047593399936400
1059,0.5672213435173040,2.0007515448379100
1060,0.5685508847236630,2.000446961885280
1061,0.5701566934585570,2.00107166388638
1062,0.5667881369590760,2.0012984293767900
1063,0.5696338415145870,1.9956712161519000
1064,0.5681998133659360,2.0006144962128700
1065,0.5673558115959170,2.0005350634819600
1066,0.5702612400054930,1.9970475198291500
1067,0.5697234869003300,1.9889753287126600
1068,0.5704629421234130,1.9897827549827500
1069,0.5693126916885380,1.9967977256390800
1070,0.570828914642334,1.9874970902106300
1071,0.569955050945282,1.9937273112602500
1072,0.5700670480728150,1.9971796559765400
1073,0.5689840316772460,1.9937876555678300
1074,0.570313572883606,1.991766593120170
1075,0.5700371861457830,1.991920262012880
1076,0.5702762007713320,1.991871252910850
1077,0.5701716542243960,1.9921874273521900
1078,0.5703882575035100,1.9888170040706400
1079,0.5696936249732970,1.9946008569165700
1080,0.5715534090995790,1.9816183224557500
1081,0.5713890790939330,1.989893874290030
1082,0.5715085864067080,1.9841122033535700
1083,0.570313572883606,1.9873055351515400
1084,0.5726438760757450,1.982570028336400
1085,0.5706869959831240,1.9935561041600300
1086,0.5711276531219480,1.9838332971092600
1087,0.5714488625526430,1.9802837237094000
1088,0.5699998736381530,1.9861598815442600
1089,0.5707915425300600,1.989262487556300
1090,0.5732712745666500,1.978308290506260
1091,0.5723227262496950,1.9780038437495600
1092,0.5709708333015440,1.9900354445857600
1093,0.5710679292678830,1.9878620357467700
1094,0.5712023377418520,1.981001641001600
1095,0.5720911622047420,1.9748764923567900
1096,0.5727857947349550,1.9825982749493300
1097,0.5715459585189820,1.9799209927863700
1098,0.5731069445610050,1.9713974186751000
1099,0.5723301768302920,1.9753848331861400
1100,0.5730845928192140,1.9783684259789900
1101,0.5744513869285580,1.9714508688133100
1102,0.5745783448219300,1.9695870762272500
1103,0.5742721557617190,1.9742590279674100
1104,0.5719866156578060,1.9742755109172600
1105,0.5722032189369200,1.97643057058082
1106,0.57298743724823,1.978803166076240
1107,0.5727185606956480,1.9750460029893100
1108,0.5727484822273250,1.97520568825874
1109,0.5747874975204470,1.970582236993350
1110,0.5739509463310240,1.969827138389100
1111,0.5744065642356870,1.9718577449397900
1112,0.5739883184432980,1.9715422108857800
1113,0.5743617415428160,1.962378579899980
1114,0.5737044811248780,1.9712096076100500
1115,0.5740256905555730,1.969910881368420
1116,0.5752655267715450,1.9668844047347100
1117,0.5730920433998110,1.9679417383353300
1118,0.5751758813858030,1.9643873719520300
1119,0.5747501850128170,1.9710831140636000
1120,0.5734281539916990,1.973182661212860
1121,0.574160099029541,1.964608809562010
1122,0.5741974711418150,1.967622314254420
1123,0.5752729773521420,1.9613370091373500
1124,0.5741302371025090,1.9679915022508500
1125,0.5752729773521420,1.9662132194339500
1126,0.5742571949958800,1.9583157451708100
1127,0.5760124325752260,1.9671806853389800
1128,0.5738613605499270,1.9665250126120200
1129,0.575033962726593,1.9627525066522000
1130,0.5755568146705630,1.9621604273096800
1131,0.5774987936019900,1.9596248673589200
1132,0.5762588977813720,1.9541980963210700
1133,0.5769012570381170,1.9557765189044600
1134,0.5759825706481930,1.9552004061667200
1135,0.5773046016693120,1.9544217445730600
1136,0.5778946280479430,1.957182073248390
1137,0.5759003758430480,1.956377699560960
1138,0.5779767632484440,1.9561274209922200
1139,0.5772074460983280,1.9509003363645300
1140,0.5762215852737430,1.9551699719565700
1141,0.5764082670211790,1.95286772645852
1142,0.5756090879440310,1.9607164901405900
1143,0.5755941867828370,1.9572292519002500
1144,0.5784323811531070,1.9481162967027700
1145,0.5756464600563050,1.9528520666997200
1146,0.5772298574447630,1.949157255775000
1147,0.5782755613327030,1.9459486005802800
1148,0.5774315595626830,1.946144654475410
1149,0.5763709545135500,1.9502168418333900
1150,0.5773643255233770,1.9532491300121100
1151,0.5770580768585210,1.9471448619206500
1152,0.5768116116523740,1.9495506996555900
1153,0.5771253108978270,1.9522920042018600
1154,0.5782830119133000,1.9459562147493300
1155,0.5792614817619320,1.948324905608520
1156,0.57810378074646,1.940594295472190
1157,0.5770655870437620,1.949433521179980
1158,0.5783203840255740,1.9436357821497600
1159,0.57949298620224,1.9358950316306800
1160,0.5778349041938780,1.9454900234937200
1161,0.5787684917449950,1.941696429009370
1162,0.5779095888137820,1.943801446996550
1163,0.5790672898292540,1.9421491662546700
1164,0.5794481635093690,1.942778932117450
1165,0.579380989074707,1.9351127170842200
1166,0.5798664689064030,1.928837870566040
1167,0.579903781414032,1.9328911909005600
1168,0.5804340839385990,1.931403267462460
1169,0.578619122505188,1.9329981202104700
1170,0.5786340832710270,1.9415141184318600
1171,0.5788805484771730,1.9409547687999700
1172,0.5784921646118160,1.9354011726456300
1173,0.5816590189933780,1.9359824845381400
1174,0.5804789066314700,1.9298853482172600
1175,0.5810914039611820,1.9330882837451700
1176,0.5805162787437440,1.9303209657616900
1177,0.5805984139442440,1.9336740346402400
1178,0.5807477831840520,1.9331176373111800
1179,0.5808374285697940,1.9364827117403100
1180,0.5795079469680790,1.9391425575266300
1181,0.5779618620872500,1.9363165274784400
1182,0.5806506872177120,1.9359252566836700
1183,0.5806880593299870,1.9360319197542100
1184,0.5799261927604680,1.9320152298399800
1185,0.5802174806594850,1.935780507307340
1186,0.579388439655304,1.9310393836962200
1187,0.5823536515235900,1.927934000454810
1188,0.5815693736076360,1.928731865633430
1189,0.5825926661491390,1.9272115777431100
1190,0.5817038416862490,1.9325525113683400
1191,0.5814051032066350,1.9305855968364900
1192,0.5831528306007390,1.920691672702830
1193,0.5817859768867490,1.9210442278273800
1194,0.5821818709373470,1.9154848034654700
1195,0.5819354057312010,1.920271335622850
1196,0.5832947492599490,1.9192156453253900
1197,0.5818830728530880,1.923839445468010
1198,0.5812108516693120,1.9290936864020900
1199,0.582002580165863,1.9180582438289800
1200,0.5818307995796200,1.921156650991490
1201,0.5838100910186770,1.9151613093853500
1202,0.5833021998405460,1.918309497426880
1203,0.5814498662948610,1.9198938990017500
1204,0.5810092091560360,1.9208625908892900
1205,0.5811511278152470,1.9233786741348800
1206,0.5823536515235900,1.9221615520396300
1207,0.5846167802810670,1.910144964395670
1208,0.5846316814422610,1.91502653202467
1209,0.5842582583427430,1.914204162820370
1210,0.5840117931365970,1.9204605287574100
1211,0.582719624042511,1.917536732023010
1212,0.5815544724464420,1.9193593087722800
1213,0.5823984742164610,1.9206355220111200
1214,0.5821370482444760,1.9208521912121200
1215,0.5828988552093510,1.918631876590380
1216,0.5821893215179440,1.9144623185779000
1217,0.5842358469963070,1.9137631163695300
1218,0.5837802290916440,1.9164116954400300
1219,0.5834739804267880,1.9109178765696300
1220,0.5810166597366330,1.9231040644111100
1221,0.5833843946456910,1.9098555167383100
1222,0.5840342044830320,1.9107890873944900
1223,0.5830557346343990,1.917830951116640
1224,0.5841237902641300,1.9107818274609600
1225,0.5845943689346310,1.9067494259732100
1226,0.5851619839668270,1.9068149182102800
1227,0.5837578177452090,1.9071640558837400
1228,0.5841984748840330,1.9109375790588900
1229,0.5836308598518370,1.9061712328897600
1230,0.5849677920341490,1.9087491195498200
1231,0.5845047235488890,1.9023063409343200
1232,0.5854458212852480,1.9099032936269600
1233,0.5875371694564820,1.9003240957046200
1234,0.5852068066596990,1.9075132857844500
1235,0.5855130553245540,1.905707252739150
1236,0.5856101512908940,1.9022145389080600
1237,0.5844972729682920,1.9097186005678400
1238,0.5844674110412600,1.9056543171937300
1239,0.5865736603736880,1.907267348709310
1240,0.584362804889679,1.9097036962422400
1241,0.5848333835601810,1.9134446757443400
1242,0.586760401725769,1.9005185353265000
1243,0.5855653285980230,1.900161917637400
1244,0.586767852306366,1.894831923691770
1245,0.5856027007102970,1.9022421654823900
1246,0.5878583192825320,1.8882339749564100
1247,0.5866184830665590,1.8926865688500100
1248,0.5872010588645940,1.8897103721474400
1249,0.5864391922950750,1.8992553149332700
1250,0.5871039628982540,1.8929324125065800
1251,0.5863271951675420,1.9021945534260600
1252,0.5874699354171750,1.8928827851894500
1253,0.5873728394508360,1.8906665519121400
1254,0.588762104511261,1.8931301927986100
1255,0.5873504281044010,1.8961710492427400
1256,0.5881271958351140,1.8927980893193500
1257,0.5848782062530520,1.9022593217992100
1258,0.5883587598800660,1.8959998872972000
1259,0.5865736603736880,1.8973389242661400
1260,0.5866557955741880,1.8932361230996500
1261,0.5872757434844970,1.8913390223058900
1262,0.5872757434844970,1.8925418060912800
1263,0.5868499875068670,1.8977342025127800
1264,0.5878210067749020,1.8889850904482000
1265,0.5876044034957890,1.8949064740327200
1266,0.5892027616500850,1.8879852317056700
1267,0.5878732800483700,1.8913115404324
1268,0.5895388722419740,1.8885600398261800
1269,0.5881271958351140,1.888982196817790
1270,0.5890011191368100,1.8870784810187600
1271,0.5898376107215880,1.8848842620251300
1272,0.58805251121521,1.8913923130181700
1273,0.5877089500427250,1.8904078697037500
1274,0.5901364088058470,1.8858156905058800
1275,0.589747965335846,1.8853336914160900
1276,0.5888816118240360,1.8847384822095600
1277,0.5878359079360960,1.8833615191407400
1278,0.5888367891311650,1.8850551556994600
1279,0.5889114737510680,1.8877842254866500
1280,0.5900840759277340,1.8821299091982500
1281,0.5899198055267330,1.8807638965897300
1282,0.5888890624046330,1.8824109197733100
1283,0.5903903245925900,1.8793527706472600
1284,0.5894566774368290,1.8840722870791500
1285,0.589381992816925,1.8804068435426700
1286,0.5900766253471380,1.8814617478847300
1287,0.5905696153640750,1.8721868582687000
1288,0.5888592004776000,1.879373957428670
1289,0.5928028225898740,1.868816728578960
1290,0.590457558631897,1.8756858362422900
1291,0.5900019407272340,1.878296259007180
1292,0.5898002982139590,1.8787870309608000
1293,0.5916376709938050,1.8665952126204100
1294,0.5903306007385250,1.875746155754600
1295,0.5888816118240360,1.8806032559186500
1296,0.5908309817314150,1.8731680134649400
1297,0.5894119143486020,1.882393182404040
1298,0.5918468236923220,1.8728063879902300
1299,0.5897554755210880,1.8797536147940200
1300,0.591323971748352,1.8739786701976100
1301,0.5903306007385250,1.8747396047183400
1302,0.5910550951957700,1.8708769972921300
1303,0.5912268757820130,1.8695877132122600
1304,0.5927131772041320,1.8718625605093000
1305,0.5904874205589290,1.8741299009813900
1306,0.5909878611564640,1.8739381768980800
1307,0.5909654498100280,1.8692507532388200
1308,0.5909579992294310,1.8715403978770800
1309,0.5897703766822820,1.8746620626824100
1310,0.5925489068031310,1.8660357865637200
1311,0.5915331244468690,1.8686260853712900
1312,0.5908533930778500,1.8688300580020900
1313,0.5920783281326290,1.8662239135512800
1314,0.5937140583992000,1.8612825196283300
1315,0.591025173664093,1.8695450489869700
1316,0.593841016292572,1.8607234643521900
1317,0.5927206873893740,1.862259643400130
1318,0.5938559770584110,1.860503493775250
1319,0.5931165218353270,1.859479117359300
1320,0.5936468243598940,1.8526851152025000
1321,0.5944460034370420,1.8600503665724300
1322,0.5925713181495670,1.8699014049117500
1323,0.5923547148704530,1.8661212097132400
1324,0.5915405750274660,1.869430521794830
1325,0.5910102725028990,1.8580072089608300
1326,0.5908533930778500,1.8644949736608800
1327,0.5921605229377750,1.8675171001197900
1328,0.5933853983879090,1.858551964338070
1329,0.593736469745636,1.8612068792479500
1330,0.5933929085731510,1.852099921285820
1331,0.5916078090667730,1.864416227136200
1332,0.5932958126068120,1.8620778834205600
1333,0.593377947807312,1.8635796836904
1334,0.5933555364608770,1.853718181068000
1335,0.593019425868988,1.8601170885814500
1336,0.5934900045394900,1.8582181159473700
1337,0.5943340063095090,1.856409093897830
1338,0.5947223901748660,1.8537925766735400
1339,0.5927281379699710,1.8587996308285000
1340,0.5948717594146730,1.848822734418720
1341,0.5937812924385070,1.8523072726665000
1342,0.5960518717765810,1.8467292633140400
1343,0.5937588810920720,1.8500976500832300
1344,0.5943190455436710,1.8563067831283000
1345,0.5961041450500490,1.8414421315730500
1346,0.5959249138832090,1.84997108420239
1347,0.5947448015213010,1.854417383445540
1348,0.5936916470527650,1.8545078660030600
1349,0.5932808518409730,1.852800067867610
1350,0.5955962538719180,1.8489148866417400
1351,0.594139814376831,1.8503184302248500
1352,0.5922874808311460,1.8562711936555000
1353,0.5951182246208190,1.8563671657560200
1354,0.5958278179168700,1.8469553564382700
1355,0.5976203680038450,1.8454298734283800
1356,0.5944460034370420,1.8518766811978400
1357,0.5958800911903380,1.8413887887985200
1358,0.5954095125198360,1.847354207916720
1359,0.5967389941215520,1.8381009768690400
1360,0.5958725810050960,1.8478103072083800
1361,0.5974112153053280,1.8475305206427400
1362,0.5950136780738830,1.8466139574943300
1363,0.5954393744468690,1.8439863190564000
1364,0.5955962538719180,1.8461756928227100
1365,0.5973439812660220,1.8397192763425300
1366,0.5960294604301450,1.8448916758103800
1367,0.5955290198326110,1.8495616953247200
1368,0.5966867208480840,1.8366499558299700
1369,0.5961041450500490,1.8470834784755400
1370,0.596604585647583,1.841226262625150
1371,0.5957978963851930,1.8375193364391200
1372,0.5971647500991820,1.8398289712071600
1373,0.597582995891571,1.8407431024062900
1374,0.5958278179168700,1.8374293465764100
1375,0.5992709994316100,1.825566618095610
1376,0.5974709987640380,1.8375168792938900
1377,0.5985689163208010,1.8356012019272300
1378,0.5974858999252320,1.8361586806643900
1379,0.5989050269126890,1.828929072828350
1380,0.5988677144050600,1.831130659313300
1381,0.5967838168144230,1.8381142073675000
1382,0.5983896851539610,1.8348295559595400
1383,0.5967016816139220,1.8377904432104800
1384,0.5970452427864080,1.8356695681547300
1385,0.598651111125946,1.8299851483928200
1386,0.5992038249969480,1.8199959888618200
1387,0.5993531942367550,1.8272777898042800
1388,0.5980685353279110,1.8357726844590800
1389,0.5959547758102420,1.8325274721828200
1390,0.5994129180908200,1.825870169141660
1391,0.5992934107780460,1.8359169894846200
1392,0.5989423990249630,1.8254295921360600
1393,0.5968958735466000,1.8316852816094000
1394,0.600764811038971,1.826056176314780
1395,0.5963357090950010,1.837562623294020
1396,0.5984942317008970,1.8273983039817200
1397,0.599480152130127,1.8291846117672000
1398,0.59993577003479,1.821827820757640
1399,0.5970751047134400,1.8307495648939700
1400,0.5984942317008970,1.831596521329880
1401,0.5999581813812260,1.8217765941861800
1402,0.5967838168144230,1.8369852523705600
1403,0.5995100140571590,1.8231944540974700
1404,0.5981656312942510,1.8305214509975000
1405,0.5995175242424010,1.8275833968050000
1406,0.5995399355888370,1.8172525352058600
1407,0.5991290807724000,1.819439896247180
1408,0.6001971960067750,1.8205501376027100
1409,0.6007947325706480,1.8171136963758000
1410,0.6004810333251950,1.8277155525781300
1411,0.5987482070922850,1.8273863818347300
1412,0.6004660725593570,1.824933538753080
1413,0.5991963148117070,1.82803092661856
1414,0.5980386137962340,1.83253566685764
1415,0.6004810333251950,1.8227179429195000
1416,0.6012951135635380,1.8190997409081200
1417,0.6005855798721310,1.8175632761784900
1418,0.6001598238945010,1.818353144642040
1419,0.6012578010559080,1.8206743316063600
1420,0.6021316647529600,1.8141418175610900
1421,0.6003839373588560,1.8185343276381800
1422,0.6014370322227480,1.8153881597652100
1423,0.6026619672775270,1.8104005262625000
1424,0.5995175242424010,1.8190146845858600
1425,0.6011756062507630,1.8153291315144400
1426,0.6005183458328250,1.8172321364793500
1427,0.6019822955131530,1.8090617846180400
1428,0.6006228923797610,1.8167276710604400
1429,0.6017582416534420,1.8157518368994100
1430,0.6004660725593570,1.811706574837200
1431,0.6028337478637700,1.814080397860820
1432,0.6023557186126710,1.813866553577900
1433,0.60152667760849,1.8154989927942600
1434,0.6016536355018620,1.8137627747798800
1435,0.5997864007949830,1.8215694005771100
1436,0.6020345687866210,1.8130466510102600
1437,0.6033043265342710,1.809015225319190